<?xml version = '1.0' encoding = 'UTF-8'?>
<relationalModel class="oracle.dbtools.crest.model.design.relational.RelationalDesign" name="DjangoUser" id="91DB41E9-26F4-ADF0-C349-BD696E3BB523" mainViewID="067E3B99-B5BF-3CA3-79B9-3461167B9BCA">
<createdBy>Belz-Sama</createdBy>
<createdTime>2024-11-21 21:59:54 UTC</createdTime>
<ownerDesignName>Django_BD</ownerDesignName>
<shouldBeOpen>false</shouldBeOpen>
<selectedRDBMSSite>01F6E6D1-21D0-CFBD-ABDD-3988D1813575</selectedRDBMSSite>
<importDDLFileStamps>
<importDDLFileStamp class="oracle.dbtools.crest.imports.DDLFileStamp">
<fileName>DjangoUser.sql</fileName>
<pathName>C:\Users\Belz-Sama</pathName>
<dbType>17</dbType>
</importDDLFileStamp>
</importDDLFileStamps>
</relationalModel>