<?xml version = '1.0' encoding = 'UTF-8'?>
<relationalModel class="oracle.dbtools.crest.model.design.relational.RelationalDesign" name="Relational_1" id="C4CFD175-66B5-5EA5-A4E6-915B24A4CCF6" mainViewID="2D51CC2E-4DCD-43E9-9D31-9C4633D34478">
<createdBy>Belz-Sama</createdBy>
<createdTime>2024-11-21 21:08:24 UTC</createdTime>
<ownerDesignName>Django_BD</ownerDesignName>
<shouldBeOpen>false</shouldBeOpen>
<selectedRDBMSSite>32076570-2523-435C-2E92-BF29817DFF70</selectedRDBMSSite>
</relationalModel>