<?xml version = '1.0' encoding = 'UTF-8'?>
<Diagram class="oracle.dbtools.crest.swingui.relational.DPVRelational" name="DjangoUser" id="067E3B99-B5BF-3CA3-79B9-3461167B9BCA">
<createdBy>Belz-Sama</createdBy>
<modifiedBy>Belz-Sama</modifiedBy>
<createdTime>2024-11-21 22:00:15 UTC</createdTime>
<autoRoute>false</autoRoute>
<boxInbox>true</boxInbox>
<showLegend>false</showLegend>
<showLabels>false</showLabels>
<showRelAttributes>false</showRelAttributes>
<gridEnabled>false</gridEnabled>
<showGrid>false</showGrid>
<diagramColor>-1</diagramColor>
<display>false</display>
<notation>1</notation>
<objectViews>
<OView class="oracle.dbtools.crest.swingui.relational.TVTable" oid="04741E2A-154C-462F-BDC1-72A2F3808B91" otype="Table" vid="DCE3B8FF-67A3-3FB6-7F9D-4150EB50FE42">
<hideElementsInCurrentOnly>false</hideElementsInCurrentOnly>
<bounds x="767" y="5" width="494" height="230"/>
</OView>
<OView class="oracle.dbtools.crest.swingui.relational.TVTable" oid="13464D9B-4DF0-F4FF-A9E9-F7ADE69288F0" otype="Table" vid="37D6C4C3-9010-55D8-47F0-6034DFB39664">
<hideElementsInCurrentOnly>false</hideElementsInCurrentOnly>
<bounds x="2340" y="871" width="367" height="202"/>
</OView>
<OView class="oracle.dbtools.crest.swingui.relational.TVTable" oid="1A67B50F-35D0-F9A7-991B-6002D0228EE5" otype="Table" vid="23489E10-2EF8-7924-919D-22D2346C4851">
<hideElementsInCurrentOnly>false</hideElementsInCurrentOnly>
<bounds x="492" y="396" width="316" height="78"/>
</OView>
<OView class="oracle.dbtools.crest.swingui.relational.TVTable" oid="21B378DB-7495-036A-6F6E-AC732D78D4DE" otype="Table" vid="7CB02C71-8B1B-FC05-AF6B-963B7805AE55">
<hideElementsInCurrentOnly>false</hideElementsInCurrentOnly>
<bounds x="485" y="841" width="356" height="272"/>
</OView>
<OView class="oracle.dbtools.crest.swingui.relational.TVTable" oid="2380D851-443B-B6B4-236A-D94C2804997B" otype="Table" vid="663AE8A2-C9A1-8B1D-82E2-FA8BDB6E4BFE">
<hideElementsInCurrentOnly>false</hideElementsInCurrentOnly>
<bounds x="2129" y="1368" width="265" height="92"/>
</OView>
<OView class="oracle.dbtools.crest.swingui.relational.TVTable" oid="2CABDF6F-5516-8A0F-523A-97547E45FCCB" otype="Table" vid="B21F9F6C-5146-174D-EB6F-6AC6C1299F0B">
<hideElementsInCurrentOnly>false</hideElementsInCurrentOnly>
<bounds x="1785" y="246" width="366" height="188"/>
</OView>
<OView class="oracle.dbtools.crest.swingui.relational.TVTable" oid="32D8EDFB-9D8B-2C05-E08D-D019C78FC1EF" otype="Table" vid="B6A9A3B0-C41D-975E-77B8-42367DE6447B">
<hideElementsInCurrentOnly>false</hideElementsInCurrentOnly>
<bounds x="1732" y="1336" width="327" height="146"/>
</OView>
<OView class="oracle.dbtools.crest.swingui.relational.TVTable" oid="3C8B768B-04A3-AB59-4A97-11F9ADB3AE38" otype="Table" vid="DC79E41C-54AC-E822-0DCF-904BA2B7C7D7">
<hideElementsInCurrentOnly>false</hideElementsInCurrentOnly>
<bounds x="1419" y="22" width="324" height="216"/>
</OView>
<OView class="oracle.dbtools.crest.swingui.relational.TVTable" oid="43D206D9-B890-5332-9A66-A18D6ACFD621" otype="Table" vid="67997E12-56B4-5405-DBFF-CBF3F2BC8A15">
<hideElementsInCurrentOnly>false</hideElementsInCurrentOnly>
<bounds x="855" y="293" width="370" height="202"/>
</OView>
<OView class="oracle.dbtools.crest.swingui.relational.TVTable" oid="5C2DAB4A-BA9A-26AE-9220-24A07110133A" otype="Table" vid="53EEE811-6F96-D56D-E2BF-E2AAD96C7F10">
<hideElementsInCurrentOnly>false</hideElementsInCurrentOnly>
<bounds x="2092" y="582" width="330" height="230"/>
</OView>
<OView class="oracle.dbtools.crest.swingui.relational.TVTable" oid="60196384-4D8B-CA93-CD3E-533FAE0A5925" otype="Table" vid="A2A73E24-046E-1468-E127-CD46F9A747B9">
<hideElementsInCurrentOnly>false</hideElementsInCurrentOnly>
<bounds x="1005" y="990" width="388" height="188"/>
</OView>
<OView class="oracle.dbtools.crest.swingui.relational.TVTable" oid="6127BE14-8033-B511-6E0A-20B1A64A8EBC" otype="Table" vid="69229D60-E9DE-F928-4691-727DAC584622">
<hideElementsInCurrentOnly>false</hideElementsInCurrentOnly>
<bounds x="2334" y="1197" width="258" height="134"/>
</OView>
<OView class="oracle.dbtools.crest.swingui.relational.TVTable" oid="616D7FE6-CC59-7A6E-B1DE-181CEB869561" otype="Table" vid="1C144A21-7E67-6F11-6FFC-8E169035A1DB">
<hideElementsInCurrentOnly>false</hideElementsInCurrentOnly>
<bounds x="1055" y="545" width="293" height="372"/>
</OView>
<OView class="oracle.dbtools.crest.swingui.relational.TVTable" oid="63352407-6A4F-B793-DAFB-911C0FB9C9E6" otype="Table" vid="FECFF23A-AEED-572E-87CA-17FEDD7C46AA">
<hideElementsInCurrentOnly>false</hideElementsInCurrentOnly>
<bounds x="2267" y="265" width="355" height="174"/>
</OView>
<OView class="oracle.dbtools.crest.swingui.relational.TVTable" oid="64335FA8-5E84-8145-11E6-95CD6C582115" otype="Table" vid="14F4CDDB-1D0C-84AF-AB8D-E8694E87EC72">
<hideElementsInCurrentOnly>false</hideElementsInCurrentOnly>
<bounds x="1866" y="866" width="386" height="426"/>
</OView>
<OView class="oracle.dbtools.crest.swingui.relational.TVTable" oid="6B3D077D-C256-C6A5-47BD-4B4B6EE9A98E" otype="Table" vid="66AD4F8C-4748-DDE5-0E8E-CB19AA06F249">
<hideElementsInCurrentOnly>false</hideElementsInCurrentOnly>
<bounds x="1497" y="1261" width="196" height="92"/>
</OView>
<OView class="oracle.dbtools.crest.swingui.relational.TVTable" oid="7B106819-0FE9-CB41-9E40-0D4F706575A2" otype="Table" vid="F1913A0A-E694-9FDD-D4F9-0D5F9424D79D">
<hideElementsInCurrentOnly>false</hideElementsInCurrentOnly>
<bounds x="580" y="532" width="364" height="202"/>
</OView>
<OView class="oracle.dbtools.crest.swingui.relational.TVTable" oid="7B5C0226-1D16-5AB8-D83E-1705EF9F2705" otype="Table" vid="808217E3-865E-2104-088F-E183514F2CF3">
<hideElementsInCurrentOnly>false</hideElementsInCurrentOnly>
<bounds x="1926" y="1527" width="347" height="146"/>
</OView>
<OView class="oracle.dbtools.crest.swingui.relational.TVTable" oid="824FAFD0-6329-426C-2993-CA31DFD943E1" otype="Table" vid="B5F3140B-1F53-ED32-EC32-5DD101FAAC8F">
<hideElementsInCurrentOnly>false</hideElementsInCurrentOnly>
<bounds x="638" y="1500" width="347" height="126"/>
</OView>
<OView class="oracle.dbtools.crest.swingui.relational.TVTable" oid="8328849D-D187-A86F-0235-7F51E119699E" otype="Table" vid="345BC25D-B261-D4B1-05FE-8CEB78C6F0C6">
<hideElementsInCurrentOnly>false</hideElementsInCurrentOnly>
<bounds x="573" y="1168" width="351" height="230"/>
</OView>
<OView class="oracle.dbtools.crest.swingui.relational.TVTable" oid="878953BC-D5F6-5DD5-D87C-985319E93941" otype="Table" vid="29AF9E4D-C517-8CE7-C660-8F240ADD3B2B">
<hideElementsInCurrentOnly>false</hideElementsInCurrentOnly>
<bounds x="113" y="1036" width="282" height="106"/>
</OView>
<OView class="oracle.dbtools.crest.swingui.relational.TVTable" oid="8A592FBE-BF4D-0625-425C-F6F28D3A87ED" otype="Table" vid="480DA58F-D395-107D-8206-91F6FAC60349">
<hideElementsInCurrentOnly>false</hideElementsInCurrentOnly>
<bounds x="1301" y="273" width="318" height="230"/>
</OView>
<OView class="oracle.dbtools.crest.swingui.relational.TVTable" oid="9093629F-17E7-817A-BB4B-4B8FE56AE80F" otype="Table" vid="C7098163-3E56-6C01-28FD-4E16CE315B3F">
<hideElementsInCurrentOnly>false</hideElementsInCurrentOnly>
<bounds x="124" y="1278" width="312" height="112"/>
</OView>
<OView class="oracle.dbtools.crest.swingui.relational.TVTable" oid="A54E43C9-94E3-7306-3C01-A386F2747DD4" otype="Table" vid="938B6156-C1DA-9734-7C8A-2E7DBAB488E2">
<hideElementsInCurrentOnly>false</hideElementsInCurrentOnly>
<bounds x="190" y="1443" width="240" height="106"/>
</OView>
<OView class="oracle.dbtools.crest.swingui.relational.TVTable" oid="A7556DBE-4D06-97A7-B18F-A8CD14EF1154" otype="Table" vid="2C50935E-98AE-76D4-203B-8D6B6C9C3255">
<hideElementsInCurrentOnly>false</hideElementsInCurrentOnly>
<bounds x="316" y="171" width="376" height="202"/>
</OView>
<OView class="oracle.dbtools.crest.swingui.relational.TVTable" oid="AFDB3F79-3EB4-B3CD-C435-14455DD8DAD1" otype="Table" vid="BEA731C0-528D-7B69-C7FA-673C151BD53E">
<hideElementsInCurrentOnly>false</hideElementsInCurrentOnly>
<bounds x="1434" y="740" width="384" height="188"/>
</OView>
<OView class="oracle.dbtools.crest.swingui.relational.TVTable" oid="B2A1D1C4-4C9C-0EA5-AF31-E8DC082AC500" otype="Table" vid="3818C600-5C2B-50BD-65F8-B878233C0F5A">
<hideElementsInCurrentOnly>false</hideElementsInCurrentOnly>
<bounds x="982" y="1254" width="412" height="174"/>
</OView>
<OView class="oracle.dbtools.crest.swingui.relational.TVTable" oid="D01307E6-5CDB-97D4-6D79-331168201CAE" otype="Table" vid="43FEAFAC-3F27-A779-F77F-8286AAB7179C">
<hideElementsInCurrentOnly>false</hideElementsInCurrentOnly>
<bounds x="2350" y="1088" width="230" height="78"/>
</OView>
<OView class="oracle.dbtools.crest.swingui.relational.TVTable" oid="D26CBAE5-CA42-0E7A-9FB4-DE9D5EB58808" otype="Table" vid="185BC461-6BAD-98EA-4F5A-2795CC77CE71">
<hideElementsInCurrentOnly>false</hideElementsInCurrentOnly>
<bounds x="1660" y="470" width="374" height="202"/>
</OView>
<OView class="oracle.dbtools.crest.swingui.relational.TVTable" oid="D6F7C198-5BE5-B093-1332-CC97CABC0AD3" otype="Table" vid="47B86581-C3C7-E437-EE85-F7914B583C4D">
<hideElementsInCurrentOnly>false</hideElementsInCurrentOnly>
<bounds x="152" y="613" width="379" height="188"/>
</OView>
<OView class="oracle.dbtools.crest.swingui.relational.TVTable" oid="EC0F00E2-4591-FE72-924A-65397BEDCF5E" otype="Table" vid="D7C9F58A-C5B7-3A3D-AAF1-8B749E3C5504">
<hideElementsInCurrentOnly>false</hideElementsInCurrentOnly>
<bounds x="1447" y="1002" width="358" height="188"/>
</OView>
<OView class="oracle.dbtools.crest.swingui.relational.TVTable" oid="F9279B05-513F-5FAC-D19B-509A89BA7FD5" otype="Table" vid="9F23FD3E-5889-096F-02AA-73271793940A">
<hideElementsInCurrentOnly>false</hideElementsInCurrentOnly>
<bounds x="1273" y="1479" width="383" height="188"/>
</OView>
</objectViews>
<connectors>
<Connector class="oracle.dbtools.crest.swingui.relational.TVFKRelation" oid="0043986C-1BFC-E999-B405-0E5284FBA27B" otype="FKIndexAssociation" vid_source="DC79E41C-54AC-E822-0DCF-904BA2B7C7D7" vid_target="DCE3B8FF-67A3-3FB6-7F9D-4150EB50FE42">
<hideElementsInCurrentOnly>false</hideElementsInCurrentOnly>
<backgroundColor>-16777216</backgroundColor>
<lineWidth>1</lineWidth>
<points>
<point x="1419" y="128"/>
<point x="1261" y="128"/>
</points>
</Connector>
<Connector class="oracle.dbtools.crest.swingui.relational.TVFKRelation" oid="0621DB2A-8FF5-CF66-5989-59EE5EB09A9D" otype="FKIndexAssociation" vid_source="23489E10-2EF8-7924-919D-22D2346C4851" vid_target="F1913A0A-E694-9FDD-D4F9-0D5F9424D79D">
<hideElementsInCurrentOnly>false</hideElementsInCurrentOnly>
<backgroundColor>-16777216</backgroundColor>
<lineWidth>1</lineWidth>
<points>
<point x="694" y="474"/>
<point x="694" y="532"/>
</points>
</Connector>
<Connector class="oracle.dbtools.crest.swingui.relational.TVFKRelation" oid="11754058-742A-E750-F0CD-9D26275BF456" otype="FKIndexAssociation" vid_source="3818C600-5C2B-50BD-65F8-B878233C0F5A" vid_target="A2A73E24-046E-1468-E127-CD46F9A747B9">
<hideElementsInCurrentOnly>false</hideElementsInCurrentOnly>
<backgroundColor>-16777216</backgroundColor>
<lineWidth>1</lineWidth>
<points>
<point x="1199" y="1254"/>
<point x="1199" y="1178"/>
</points>
</Connector>
<Connector class="oracle.dbtools.crest.swingui.relational.TVFKRelation" oid="1C5B452D-A698-48AA-6706-76791098679C" otype="FKIndexAssociation" vid_source="66AD4F8C-4748-DDE5-0E8E-CB19AA06F249" vid_target="9F23FD3E-5889-096F-02AA-73271793940A">
<hideElementsInCurrentOnly>false</hideElementsInCurrentOnly>
<backgroundColor>-16777216</backgroundColor>
<lineWidth>1</lineWidth>
<points>
<point x="1576" y="1353"/>
<point x="1576" y="1479"/>
</points>
</Connector>
<Connector class="oracle.dbtools.crest.swingui.relational.TVFKRelation" oid="1EDA2A6B-AB6E-7F9E-88AE-B4D31B9D182B" otype="FKIndexAssociation" vid_source="B21F9F6C-5146-174D-EB6F-6AC6C1299F0B" vid_target="FECFF23A-AEED-572E-87CA-17FEDD7C46AA">
<hideElementsInCurrentOnly>false</hideElementsInCurrentOnly>
<backgroundColor>-16777216</backgroundColor>
<lineWidth>1</lineWidth>
<points>
<point x="2151" y="349"/>
<point x="2267" y="349"/>
</points>
</Connector>
<Connector class="oracle.dbtools.crest.swingui.relational.TVFKRelation" oid="28213354-6BFA-FBEB-02F1-489EA2C5DF90" otype="FKIndexAssociation" vid_source="1C144A21-7E67-6F11-6FFC-8E169035A1DB" vid_target="D7C9F58A-C5B7-3A3D-AAF1-8B749E3C5504">
<hideElementsInCurrentOnly>false</hideElementsInCurrentOnly>
<backgroundColor>-16777216</backgroundColor>
<lineWidth>1</lineWidth>
<points>
<point x="1348" y="856"/>
<point x="1516" y="1002"/>
</points>
</Connector>
<Connector class="oracle.dbtools.crest.swingui.relational.TVFKRelation" oid="2E4D94D7-2A6F-CE0E-BD90-3F625E262F54" otype="FKIndexAssociation" vid_source="69229D60-E9DE-F928-4691-727DAC584622" vid_target="14F4CDDB-1D0C-84AF-AB8D-E8694E87EC72">
<hideElementsInCurrentOnly>false</hideElementsInCurrentOnly>
<backgroundColor>-16777216</backgroundColor>
<lineWidth>1</lineWidth>
<points>
<point x="2334" y="1244"/>
<point x="2252" y="1244"/>
</points>
</Connector>
<Connector class="oracle.dbtools.crest.swingui.relational.TVFKRelation" oid="3AEF0996-BD44-BBE8-5D24-A6BD93C1BB79" otype="FKIndexAssociation" vid_source="480DA58F-D395-107D-8206-91F6FAC60349" vid_target="DC79E41C-54AC-E822-0DCF-904BA2B7C7D7">
<hideElementsInCurrentOnly>false</hideElementsInCurrentOnly>
<backgroundColor>-16777216</backgroundColor>
<lineWidth>1</lineWidth>
<points>
<point x="1519" y="273"/>
<point x="1519" y="238"/>
</points>
</Connector>
<Connector class="oracle.dbtools.crest.swingui.relational.TVFKRelation" oid="3BE052E3-2027-3D93-9FFA-31C2F19672BF" otype="FKIndexAssociation" vid_source="66AD4F8C-4748-DDE5-0E8E-CB19AA06F249" vid_target="D7C9F58A-C5B7-3A3D-AAF1-8B749E3C5504">
<hideElementsInCurrentOnly>false</hideElementsInCurrentOnly>
<backgroundColor>-16777216</backgroundColor>
<lineWidth>1</lineWidth>
<points>
<point x="1595" y="1261"/>
<point x="1595" y="1190"/>
</points>
</Connector>
<Connector class="oracle.dbtools.crest.swingui.relational.TVFKRelation" oid="41DCA43A-AF5E-82FF-2A3D-AE7EECA559D8" otype="FKIndexAssociation" vid_source="53EEE811-6F96-D56D-E2BF-E2AAD96C7F10" vid_target="37D6C4C3-9010-55D8-47F0-6034DFB39664">
<hideElementsInCurrentOnly>false</hideElementsInCurrentOnly>
<backgroundColor>-16777216</backgroundColor>
<lineWidth>1</lineWidth>
<points>
<point x="2381" y="812"/>
<point x="2381" y="871"/>
</points>
</Connector>
<Connector class="oracle.dbtools.crest.swingui.relational.TVFKRelation" oid="4B12CF4C-0E17-E34C-3A10-47D313A40B02" otype="FKIndexAssociation" vid_source="1C144A21-7E67-6F11-6FFC-8E169035A1DB" vid_target="480DA58F-D395-107D-8206-91F6FAC60349">
<hideElementsInCurrentOnly>false</hideElementsInCurrentOnly>
<backgroundColor>-16777216</backgroundColor>
<lineWidth>1</lineWidth>
<points>
<point x="1324" y="545"/>
<point x="1324" y="503"/>
</points>
</Connector>
<Connector class="oracle.dbtools.crest.swingui.relational.TVFKRelation" oid="4CE70787-83A2-8D12-FF0F-80A23D4D4B90" otype="FKIndexAssociation" vid_source="B5F3140B-1F53-ED32-EC32-5DD101FAAC8F" vid_target="345BC25D-B261-D4B1-05FE-8CEB78C6F0C6">
<hideElementsInCurrentOnly>false</hideElementsInCurrentOnly>
<backgroundColor>-16777216</backgroundColor>
<lineWidth>1</lineWidth>
<points>
<point x="781" y="1500"/>
<point x="781" y="1398"/>
</points>
</Connector>
<Connector class="oracle.dbtools.crest.swingui.relational.TVFKRelation" oid="54AA4685-7AAC-B32A-AC5E-CA493FD12D71" otype="FKIndexAssociation" vid_source="43FEAFAC-3F27-A779-F77F-8286AAB7179C" vid_target="14F4CDDB-1D0C-84AF-AB8D-E8694E87EC72">
<hideElementsInCurrentOnly>false</hideElementsInCurrentOnly>
<backgroundColor>-16777216</backgroundColor>
<lineWidth>1</lineWidth>
<points>
<point x="2350" y="1127"/>
<point x="2252" y="1127"/>
</points>
</Connector>
<Connector class="oracle.dbtools.crest.swingui.relational.TVFKRelation" oid="57C97E90-0966-E0BA-4BD6-0F6295D10271" otype="FKIndexAssociation" vid_source="B6A9A3B0-C41D-975E-77B8-42367DE6447B" vid_target="14F4CDDB-1D0C-84AF-AB8D-E8694E87EC72">
<hideElementsInCurrentOnly>false</hideElementsInCurrentOnly>
<backgroundColor>-16777216</backgroundColor>
<lineWidth>1</lineWidth>
<points>
<point x="1962" y="1336"/>
<point x="1962" y="1292"/>
</points>
</Connector>
<Connector class="oracle.dbtools.crest.swingui.relational.TVFKRelation" oid="589EC594-2B5D-CF5F-9351-4A917FFAB603" otype="FKIndexAssociation" vid_source="14F4CDDB-1D0C-84AF-AB8D-E8694E87EC72" vid_target="37D6C4C3-9010-55D8-47F0-6034DFB39664">
<hideElementsInCurrentOnly>false</hideElementsInCurrentOnly>
<backgroundColor>-16777216</backgroundColor>
<lineWidth>1</lineWidth>
<points>
<point x="2252" y="972"/>
<point x="2340" y="972"/>
</points>
</Connector>
<Connector class="oracle.dbtools.crest.swingui.relational.TVFKRelation" oid="5A66E838-2F77-5F4E-A118-4F8D4E8255DB" otype="FKIndexAssociation" vid_source="67997E12-56B4-5405-DBFF-CBF3F2BC8A15" vid_target="DCE3B8FF-67A3-3FB6-7F9D-4150EB50FE42">
<hideElementsInCurrentOnly>false</hideElementsInCurrentOnly>
<backgroundColor>-16777216</backgroundColor>
<lineWidth>1</lineWidth>
<points>
<point x="1040" y="293"/>
<point x="1040" y="235"/>
</points>
</Connector>
<Connector class="oracle.dbtools.crest.swingui.relational.TVFKRelation" oid="5E05489B-06B4-2183-613E-0CEFD4C8C747" otype="FKIndexAssociation" vid_source="480DA58F-D395-107D-8206-91F6FAC60349" vid_target="67997E12-56B4-5405-DBFF-CBF3F2BC8A15">
<hideElementsInCurrentOnly>false</hideElementsInCurrentOnly>
<backgroundColor>-16777216</backgroundColor>
<lineWidth>1</lineWidth>
<points>
<point x="1301" y="394"/>
<point x="1225" y="394"/>
</points>
</Connector>
<Connector class="oracle.dbtools.crest.swingui.relational.TVFKRelation" oid="611EB78B-7EC2-01A1-9C08-3B555140190D" otype="FKIndexAssociation" vid_source="663AE8A2-C9A1-8B1D-82E2-FA8BDB6E4BFE" vid_target="808217E3-865E-2104-088F-E183514F2CF3">
<hideElementsInCurrentOnly>false</hideElementsInCurrentOnly>
<backgroundColor>-16777216</backgroundColor>
<lineWidth>1</lineWidth>
<points>
<point x="2201" y="1460"/>
<point x="2201" y="1527"/>
</points>
</Connector>
<Connector class="oracle.dbtools.crest.swingui.relational.TVFKRelation" oid="65E003C5-2851-A542-6ADB-2BEFF6CD3CC8" otype="FKIndexAssociation" vid_source="7CB02C71-8B1B-FC05-AF6B-963B7805AE55" vid_target="47B86581-C3C7-E437-EE85-F7914B583C4D">
<hideElementsInCurrentOnly>false</hideElementsInCurrentOnly>
<backgroundColor>-16777216</backgroundColor>
<lineWidth>1</lineWidth>
<points>
<point x="508" y="841"/>
<point x="508" y="801"/>
</points>
</Connector>
<Connector class="oracle.dbtools.crest.swingui.relational.TVFKRelation" oid="67A05E18-7C0D-949F-F681-07B9945B26EF" otype="FKIndexAssociation" vid_source="1C144A21-7E67-6F11-6FFC-8E169035A1DB" vid_target="345BC25D-B261-D4B1-05FE-8CEB78C6F0C6">
<hideElementsInCurrentOnly>false</hideElementsInCurrentOnly>
<backgroundColor>-16777216</backgroundColor>
<lineWidth>1</lineWidth>
<points>
<point x="1055" y="909"/>
<point x="842" y="1168"/>
</points>
</Connector>
<Connector class="oracle.dbtools.crest.swingui.relational.TVFKRelation" oid="7989C37F-DDFE-AD56-93A0-0B08B800E297" otype="FKIndexAssociation" vid_source="14F4CDDB-1D0C-84AF-AB8D-E8694E87EC72" vid_target="BEA731C0-528D-7B69-C7FA-673C151BD53E">
<hideElementsInCurrentOnly>false</hideElementsInCurrentOnly>
<backgroundColor>-16777216</backgroundColor>
<lineWidth>1</lineWidth>
<points>
<point x="1866" y="897"/>
<point x="1818" y="897"/>
</points>
</Connector>
<Connector class="oracle.dbtools.crest.swingui.relational.TVFKRelation" oid="7A99ABEB-F906-4D08-31D5-0096605FF741" otype="FKIndexAssociation" vid_source="1C144A21-7E67-6F11-6FFC-8E169035A1DB" vid_target="F1913A0A-E694-9FDD-D4F9-0D5F9424D79D">
<hideElementsInCurrentOnly>false</hideElementsInCurrentOnly>
<backgroundColor>-16777216</backgroundColor>
<lineWidth>1</lineWidth>
<points>
<point x="1055" y="639"/>
<point x="944" y="639"/>
</points>
</Connector>
<Connector class="oracle.dbtools.crest.swingui.relational.TVFKRelation" oid="82B66492-D1A6-F750-E06F-899D6E1AF1E2" otype="FKIndexAssociation" vid_source="1C144A21-7E67-6F11-6FFC-8E169035A1DB" vid_target="185BC461-6BAD-98EA-4F5A-2795CC77CE71">
<hideElementsInCurrentOnly>false</hideElementsInCurrentOnly>
<backgroundColor>-16777216</backgroundColor>
<lineWidth>1</lineWidth>
<points>
<point x="1348" y="608"/>
<point x="1660" y="608"/>
</points>
</Connector>
<Connector class="oracle.dbtools.crest.swingui.relational.TVFKRelation" oid="88FCA261-45F2-2377-0A61-38CD269BAA5C" otype="FKIndexAssociation" vid_source="3818C600-5C2B-50BD-65F8-B878233C0F5A" vid_target="9F23FD3E-5889-096F-02AA-73271793940A">
<hideElementsInCurrentOnly>false</hideElementsInCurrentOnly>
<backgroundColor>-16777216</backgroundColor>
<lineWidth>1</lineWidth>
<points>
<point x="1333" y="1428"/>
<point x="1333" y="1479"/>
</points>
</Connector>
<Connector class="oracle.dbtools.crest.swingui.relational.TVFKRelation" oid="8BFF4BD4-7F1B-DCD4-2B2A-DD986F75278B" otype="FKIndexAssociation" vid_source="663AE8A2-C9A1-8B1D-82E2-FA8BDB6E4BFE" vid_target="14F4CDDB-1D0C-84AF-AB8D-E8694E87EC72">
<hideElementsInCurrentOnly>false</hideElementsInCurrentOnly>
<backgroundColor>-16777216</backgroundColor>
<lineWidth>1</lineWidth>
<points>
<point x="2190" y="1368"/>
<point x="2190" y="1292"/>
</points>
</Connector>
<Connector class="oracle.dbtools.crest.swingui.relational.TVFKRelation" oid="A0297D76-4655-823D-F0F3-5BFC8B235557" otype="FKIndexAssociation" vid_source="B5F3140B-1F53-ED32-EC32-5DD101FAAC8F" vid_target="3818C600-5C2B-50BD-65F8-B878233C0F5A">
<hideElementsInCurrentOnly>false</hideElementsInCurrentOnly>
<backgroundColor>-16777216</backgroundColor>
<lineWidth>1</lineWidth>
<points>
<point x="983" y="1500"/>
<point x="983" y="1428"/>
</points>
</Connector>
<Connector class="oracle.dbtools.crest.swingui.relational.TVFKRelation" oid="A185E384-2002-1DF2-17D4-2C2BF8C7ED69" otype="FKIndexAssociation" vid_source="1C144A21-7E67-6F11-6FFC-8E169035A1DB" vid_target="47B86581-C3C7-E437-EE85-F7914B583C4D">
<hideElementsInCurrentOnly>false</hideElementsInCurrentOnly>
<backgroundColor>-16777216</backgroundColor>
<lineWidth>1</lineWidth>
<points>
<point x="1055" y="774"/>
<point x="531" y="774"/>
</points>
</Connector>
<Connector class="oracle.dbtools.crest.swingui.relational.TVFKRelation" oid="AADB3AB8-8E1A-4A62-0BDE-48D1F0D243CE" otype="FKIndexAssociation" vid_source="1C144A21-7E67-6F11-6FFC-8E169035A1DB" vid_target="53EEE811-6F96-D56D-E2BF-E2AAD96C7F10">
<hideElementsInCurrentOnly>false</hideElementsInCurrentOnly>
<backgroundColor>-16777216</backgroundColor>
<lineWidth>1</lineWidth>
<points>
<point x="1348" y="697"/>
<point x="2092" y="697"/>
</points>
</Connector>
<Connector class="oracle.dbtools.crest.swingui.relational.TVFKRelation" oid="ABF28328-E353-CDD7-63E4-1338DC98D5DE" otype="FKIndexAssociation" vid_source="29AF9E4D-C517-8CE7-C660-8F240ADD3B2B" vid_target="7CB02C71-8B1B-FC05-AF6B-963B7805AE55">
<hideElementsInCurrentOnly>false</hideElementsInCurrentOnly>
<backgroundColor>-16777216</backgroundColor>
<lineWidth>1</lineWidth>
<points>
<point x="395" y="1074"/>
<point x="485" y="1074"/>
</points>
</Connector>
<Connector class="oracle.dbtools.crest.swingui.relational.TVFKRelation" oid="C7C59FC4-7096-C913-8809-00CB1AC53114" otype="FKIndexAssociation" vid_source="808217E3-865E-2104-088F-E183514F2CF3" vid_target="14F4CDDB-1D0C-84AF-AB8D-E8694E87EC72">
<hideElementsInCurrentOnly>false</hideElementsInCurrentOnly>
<backgroundColor>-16777216</backgroundColor>
<lineWidth>1</lineWidth>
<points>
<point x="2089" y="1527"/>
<point x="2089" y="1292"/>
</points>
</Connector>
<Connector class="oracle.dbtools.crest.swingui.relational.TVFKRelation" oid="C8BCD49C-2235-9791-B1DB-5E1953450DF8" otype="FKIndexAssociation" vid_source="53EEE811-6F96-D56D-E2BF-E2AAD96C7F10" vid_target="185BC461-6BAD-98EA-4F5A-2795CC77CE71">
<hideElementsInCurrentOnly>false</hideElementsInCurrentOnly>
<backgroundColor>-16777216</backgroundColor>
<lineWidth>1</lineWidth>
<points>
<point x="2092" y="627"/>
<point x="2034" y="627"/>
</points>
</Connector>
<Connector class="oracle.dbtools.crest.swingui.relational.TVFKRelation" oid="CECA5A7B-3A23-5CB7-7548-B7892CBCB2A3" otype="FKIndexAssociation" vid_source="808217E3-865E-2104-088F-E183514F2CF3" vid_target="B6A9A3B0-C41D-975E-77B8-42367DE6447B">
<hideElementsInCurrentOnly>false</hideElementsInCurrentOnly>
<backgroundColor>-16777216</backgroundColor>
<lineWidth>1</lineWidth>
<points>
<point x="1992" y="1527"/>
<point x="1992" y="1482"/>
</points>
</Connector>
<Connector class="oracle.dbtools.crest.swingui.relational.TVFKRelation" oid="D1D78201-D7AB-5E5F-6D28-34A05490F48C" otype="FKIndexAssociation" vid_source="1C144A21-7E67-6F11-6FFC-8E169035A1DB" vid_target="BEA731C0-528D-7B69-C7FA-673C151BD53E">
<hideElementsInCurrentOnly>false</hideElementsInCurrentOnly>
<backgroundColor>-16777216</backgroundColor>
<lineWidth>1</lineWidth>
<points>
<point x="1348" y="828"/>
<point x="1434" y="828"/>
</points>
</Connector>
<Connector class="oracle.dbtools.crest.swingui.relational.TVFKRelation" oid="DCD6D53F-EECF-1AE8-73CE-13C45A4F493C" otype="FKIndexAssociation" vid_source="1C144A21-7E67-6F11-6FFC-8E169035A1DB" vid_target="67997E12-56B4-5405-DBFF-CBF3F2BC8A15">
<hideElementsInCurrentOnly>false</hideElementsInCurrentOnly>
<backgroundColor>-16777216</backgroundColor>
<lineWidth>1</lineWidth>
<points>
<point x="1140" y="545"/>
<point x="1140" y="495"/>
</points>
</Connector>
<Connector class="oracle.dbtools.crest.swingui.relational.TVFKRelation" oid="E1EC5E55-8ED7-B72C-00C3-CC4CC4798DE6" otype="FKIndexAssociation" vid_source="1C144A21-7E67-6F11-6FFC-8E169035A1DB" vid_target="7CB02C71-8B1B-FC05-AF6B-963B7805AE55">
<hideElementsInCurrentOnly>false</hideElementsInCurrentOnly>
<backgroundColor>-16777216</backgroundColor>
<lineWidth>1</lineWidth>
<points>
<point x="1055" y="879"/>
<point x="841" y="879"/>
</points>
</Connector>
<Connector class="oracle.dbtools.crest.swingui.relational.TVFKRelation" oid="E992246A-F021-C20B-B833-06C1DA9C6F24" otype="FKIndexAssociation" vid_source="480DA58F-D395-107D-8206-91F6FAC60349" vid_target="B21F9F6C-5146-174D-EB6F-6AC6C1299F0B">
<hideElementsInCurrentOnly>false</hideElementsInCurrentOnly>
<backgroundColor>-16777216</backgroundColor>
<lineWidth>1</lineWidth>
<points>
<point x="1619" y="353"/>
<point x="1785" y="353"/>
</points>
</Connector>
<Connector class="oracle.dbtools.crest.swingui.relational.TVFKRelation" oid="EFE789BB-981E-3A82-1BD0-F663C3F3F7A7" otype="FKIndexAssociation" vid_source="67997E12-56B4-5405-DBFF-CBF3F2BC8A15" vid_target="2C50935E-98AE-76D4-203B-8D6B6C9C3255">
<hideElementsInCurrentOnly>false</hideElementsInCurrentOnly>
<backgroundColor>-16777216</backgroundColor>
<lineWidth>1</lineWidth>
<points>
<point x="855" y="333"/>
<point x="692" y="333"/>
</points>
</Connector>
<Connector class="oracle.dbtools.crest.swingui.relational.TVFKRelation" oid="FBE2A28D-ED38-181B-1FAE-944AEDCB5AA8" otype="FKIndexAssociation" vid_source="1C144A21-7E67-6F11-6FFC-8E169035A1DB" vid_target="A2A73E24-046E-1468-E127-CD46F9A747B9">
<hideElementsInCurrentOnly>false</hideElementsInCurrentOnly>
<backgroundColor>-16777216</backgroundColor>
<lineWidth>1</lineWidth>
<points>
<point x="1201" y="917"/>
<point x="1201" y="990"/>
</points>
</Connector>
</connectors>
</Diagram>