<?xml version = '1.0' encoding = 'UTF-8'?>
<FKIndexAssociation class="oracle.dbtools.crest.model.design.relational.FKIndexAssociation" directorySegmentName="seg_0" id="11754058-742A-E750-F0CD-9D26275BF456" containerWithKeyObject="60196384-4D8B-CA93-CD3E-533FAE0A5925" localFKIndex="E40DD4DA-46EC-9195-3987-F60D53DDE8EA" name="STORE_USU_PERMISSIO_79D98F7B_F">
<sourceDDLFile>DjangoUser.sql</sourceDDLFile>
<createdBy>Belz-Sama</createdBy>
<createdTime>2024-11-21 22:00:16 UTC</createdTime>
<ownerDesignName>Django_BD</ownerDesignName>
<importedID>C08C353E-2EF4-5004-1A87-C11F3436E015</importedID>
<referredTableLongName>USUARIODJANGO.AUTH_PERMISSION</referredTableLongName>
<deleteRule>NO ACTION</deleteRule>
<referredTableID>B2A1D1C4-4C9C-0EA5-AF31-E8DC082AC500</referredTableID>
<keyObject>05D70F42-920A-A607-AEAE-C2CFA836C4E9</keyObject>
<referredKeyID>05D70F42-920A-A607-AEAE-C2CFA836C4E9</referredKeyID>
<mandatory>true</mandatory>
<refColNames>ID</refColNames>
<transferable>true</transferable>
<rely>false</rely>
<columnDependencyConstraintGenerateInDDL>true</columnDependencyConstraintGenerateInDDL>
</FKIndexAssociation>