<?xml version = '1.0' encoding = 'UTF-8'?>
<FKIndexAssociation class="oracle.dbtools.crest.model.design.relational.FKIndexAssociation" directorySegmentName="seg_0" id="28213354-6BFA-FBEB-02F1-489EA2C5DF90" containerWithKeyObject="EC0F00E2-4591-FE72-924A-65397BEDCF5E" localFKIndex="E6E1390C-8968-3264-74DF-F6F571804D5F" name="STORE_USU_USUARIO_I_F5EE3DBA_F">
<sourceDDLFile>DjangoUser.sql</sourceDDLFile>
<createdBy>Belz-Sama</createdBy>
<createdTime>2024-11-21 22:00:16 UTC</createdTime>
<ownerDesignName>Django_BD</ownerDesignName>
<importedID>30C8C1E4-D11D-4ED0-470B-03FDDA4A0335</importedID>
<referredTableLongName>USUARIODJANGO.STORE_USUARIO</referredTableLongName>
<deleteRule>NO ACTION</deleteRule>
<referredTableID>616D7FE6-CC59-7A6E-B1DE-181CEB869561</referredTableID>
<keyObject>C28A240E-1E59-73C6-F77E-4205C2E6FD5B</keyObject>
<referredKeyID>C28A240E-1E59-73C6-F77E-4205C2E6FD5B</referredKeyID>
<mandatory>true</mandatory>
<refColNames>ID</refColNames>
<transferable>true</transferable>
<rely>false</rely>
<columnDependencyConstraintGenerateInDDL>true</columnDependencyConstraintGenerateInDDL>
</FKIndexAssociation>