<?xml version = '1.0' encoding = 'UTF-8'?>
<FKIndexAssociation class="oracle.dbtools.crest.model.design.relational.FKIndexAssociation" directorySegmentName="seg_0" id="4B12CF4C-0E17-E34C-3A10-47D313A40B02" containerWithKeyObject="8A592FBE-BF4D-0625-425C-F6F28D3A87ED" localFKIndex="1E948E66-E9CF-967C-B1D5-F2C9865C7AB3" name="CLASSES_A_PROFESOR__9FDD8EEE_F">
<sourceDDLFile>DjangoUser.sql</sourceDDLFile>
<createdBy>Belz-Sama</createdBy>
<createdTime>2024-11-21 22:00:16 UTC</createdTime>
<ownerDesignName>Django_BD</ownerDesignName>
<importedID>DF89A63C-49B9-8312-629E-9F4454E78625</importedID>
<referredTableLongName>USUARIODJANGO.STORE_USUARIO</referredTableLongName>
<deleteRule>NO ACTION</deleteRule>
<referredTableID>616D7FE6-CC59-7A6E-B1DE-181CEB869561</referredTableID>
<keyObject>C28A240E-1E59-73C6-F77E-4205C2E6FD5B</keyObject>
<referredKeyID>C28A240E-1E59-73C6-F77E-4205C2E6FD5B</referredKeyID>
<mandatory>true</mandatory>
<refColNames>ID</refColNames>
<transferable>true</transferable>
<rely>false</rely>
<columnDependencyConstraintGenerateInDDL>true</columnDependencyConstraintGenerateInDDL>
</FKIndexAssociation>