<?xml version = '1.0' encoding = 'UTF-8'?>
<FKIndexAssociation class="oracle.dbtools.crest.model.design.relational.FKIndexAssociation" directorySegmentName="seg_0" id="82B66492-D1A6-F750-E06F-899D6E1AF1E2" containerWithKeyObject="D26CBAE5-CA42-0E7A-9FB4-DE9D5EB58808" localFKIndex="BC05D5C2-9C78-E74D-2CF5-0163253A68F6" name="STORE_MEN_ID_USUARI_B51917FE_F">
<sourceDDLFile>DjangoUser.sql</sourceDDLFile>
<createdBy>Belz-Sama</createdBy>
<createdTime>2024-11-21 22:00:16 UTC</createdTime>
<ownerDesignName>Django_BD</ownerDesignName>
<importedID>3B6B3732-89C2-B72C-C27B-4E6D7F7C76AE</importedID>
<referredTableLongName>USUARIODJANGO.STORE_USUARIO</referredTableLongName>
<deleteRule>NO ACTION</deleteRule>
<referredTableID>616D7FE6-CC59-7A6E-B1DE-181CEB869561</referredTableID>
<keyObject>C28A240E-1E59-73C6-F77E-4205C2E6FD5B</keyObject>
<referredKeyID>C28A240E-1E59-73C6-F77E-4205C2E6FD5B</referredKeyID>
<mandatory>true</mandatory>
<refColNames>ID</refColNames>
<transferable>true</transferable>
<rely>false</rely>
<columnDependencyConstraintGenerateInDDL>true</columnDependencyConstraintGenerateInDDL>
</FKIndexAssociation>