<?xml version = '1.0' encoding = 'UTF-8'?>
<DomainFile class="oracle.dbtools.crest.model.design.DomainFileWrapper" fileName="DjangoUser_Domains">
<domains>
<Domain class="oracle.dbtools.crest.model.design.Domain" name="NUMERIC_1_0_0" id="073C8BBA-3629-FAE0-DEB3-7185E2C6B164">
<createdBy>Belz-Sama</createdBy>
<createdTime>2024-11-21 22:00:15 UTC</createdTime>
<ownerDesignName>Django_BD</ownerDesignName>
<avTSortOrder>0</avTSortOrder>
<dataTypePrecision>1</dataTypePrecision>
<dataTypeScale>0</dataTypeScale>
<dataTypeSize>0</dataTypeSize>
<fileName>DjangoUser_Domains</fileName>
<logicalDatatype>LOGDT019</logicalDatatype>
</Domain>
<Domain class="oracle.dbtools.crest.model.design.Domain" name="NVARCHAR_0_0_255" id="13668EDD-B468-E90A-E3B8-C2DA6EEF5101">
<createdBy>Belz-Sama</createdBy>
<createdTime>2024-11-21 22:00:15 UTC</createdTime>
<ownerDesignName>Django_BD</ownerDesignName>
<avTSortOrder>0</avTSortOrder>
<dataTypePrecision>0</dataTypePrecision>
<dataTypeScale>0</dataTypeScale>
<dataTypeSize>255</dataTypeSize>
<fileName>DjangoUser_Domains</fileName>
<logicalDatatype>LOGDT037</logicalDatatype>
</Domain>
<Domain class="oracle.dbtools.crest.model.design.Domain" name="NVARCHAR_0_0_20" id="157BF9A4-E344-BFE8-E2C4-3BE8829231D4">
<createdBy>Belz-Sama</createdBy>
<createdTime>2024-11-21 22:00:15 UTC</createdTime>
<ownerDesignName>Django_BD</ownerDesignName>
<avTSortOrder>0</avTSortOrder>
<dataTypePrecision>0</dataTypePrecision>
<dataTypeScale>0</dataTypeScale>
<dataTypeSize>20</dataTypeSize>
<fileName>DjangoUser_Domains</fileName>
<logicalDatatype>LOGDT037</logicalDatatype>
</Domain>
<Domain class="oracle.dbtools.crest.model.design.Domain" name="NVARCHAR_0_0_128" id="1BD015A3-B862-4324-11F7-622B85024491">
<createdBy>Belz-Sama</createdBy>
<createdTime>2024-11-21 22:00:16 UTC</createdTime>
<ownerDesignName>Django_BD</ownerDesignName>
<avTSortOrder>0</avTSortOrder>
<dataTypePrecision>0</dataTypePrecision>
<dataTypeScale>0</dataTypeScale>
<dataTypeSize>128</dataTypeSize>
<fileName>DjangoUser_Domains</fileName>
<logicalDatatype>LOGDT037</logicalDatatype>
</Domain>
<Domain class="oracle.dbtools.crest.model.design.Domain" name="NVARCHAR_0_0_50" id="32ACEB81-FE02-71E0-0618-F3CB76F89516">
<createdBy>Belz-Sama</createdBy>
<createdTime>2024-11-21 22:00:16 UTC</createdTime>
<ownerDesignName>Django_BD</ownerDesignName>
<avTSortOrder>0</avTSortOrder>
<dataTypePrecision>0</dataTypePrecision>
<dataTypeScale>0</dataTypeScale>
<dataTypeSize>50</dataTypeSize>
<fileName>DjangoUser_Domains</fileName>
<logicalDatatype>LOGDT037</logicalDatatype>
</Domain>
<Domain class="oracle.dbtools.crest.model.design.Domain" name="NUMERIC_11_0_0" id="3B2A3BA2-B154-65BA-FCA1-52AE8EA9F4F5">
<createdBy>Belz-Sama</createdBy>
<createdTime>2024-11-21 22:00:15 UTC</createdTime>
<ownerDesignName>Django_BD</ownerDesignName>
<avTSortOrder>0</avTSortOrder>
<dataTypePrecision>11</dataTypePrecision>
<dataTypeScale>0</dataTypeScale>
<dataTypeSize>0</dataTypeSize>
<fileName>DjangoUser_Domains</fileName>
<logicalDatatype>LOGDT019</logicalDatatype>
</Domain>
<Domain class="oracle.dbtools.crest.model.design.Domain" name="NVARCHAR_0_0_13" id="3B2BACE5-ABFE-D965-6229-8F07621A32B1">
<createdBy>Belz-Sama</createdBy>
<createdTime>2024-11-21 22:00:16 UTC</createdTime>
<ownerDesignName>Django_BD</ownerDesignName>
<avTSortOrder>0</avTSortOrder>
<dataTypePrecision>0</dataTypePrecision>
<dataTypeScale>0</dataTypeScale>
<dataTypeSize>13</dataTypeSize>
<fileName>DjangoUser_Domains</fileName>
<logicalDatatype>LOGDT037</logicalDatatype>
</Domain>
<Domain class="oracle.dbtools.crest.model.design.Domain" name="NVARCHAR_0_0_100" id="3F48DA29-EEAB-6040-B4C4-478A986BAC79">
<createdBy>Belz-Sama</createdBy>
<createdTime>2024-11-21 22:00:15 UTC</createdTime>
<ownerDesignName>Django_BD</ownerDesignName>
<avTSortOrder>0</avTSortOrder>
<dataTypePrecision>0</dataTypePrecision>
<dataTypeScale>0</dataTypeScale>
<dataTypeSize>100</dataTypeSize>
<fileName>DjangoUser_Domains</fileName>
<logicalDatatype>LOGDT037</logicalDatatype>
</Domain>
<Domain class="oracle.dbtools.crest.model.design.Domain" name="Date_0_0_0" id="4877E162-12E7-A39A-C8B8-8B5B45B1153A">
<createdBy>Belz-Sama</createdBy>
<createdTime>2024-11-21 22:00:15 UTC</createdTime>
<ownerDesignName>Django_BD</ownerDesignName>
<avTSortOrder>0</avTSortOrder>
<fileName>DjangoUser_Domains</fileName>
<logicalDatatype>LOGDT007</logicalDatatype>
</Domain>
<Domain class="oracle.dbtools.crest.model.design.Domain" name="NVARCHAR_0_0_40" id="7F112491-3A3E-6476-542F-35DF4CD6E2C9">
<createdBy>Belz-Sama</createdBy>
<createdTime>2024-11-21 22:00:15 UTC</createdTime>
<ownerDesignName>Django_BD</ownerDesignName>
<avTSortOrder>0</avTSortOrder>
<dataTypePrecision>0</dataTypePrecision>
<dataTypeScale>0</dataTypeScale>
<dataTypeSize>40</dataTypeSize>
<fileName>DjangoUser_Domains</fileName>
<logicalDatatype>LOGDT037</logicalDatatype>
</Domain>
<Domain class="oracle.dbtools.crest.model.design.Domain" name="NVARCHAR_0_0_30" id="8C50C9F5-BD24-BBF2-967F-4209653EA6F4">
<createdBy>Belz-Sama</createdBy>
<createdTime>2024-11-21 22:00:16 UTC</createdTime>
<ownerDesignName>Django_BD</ownerDesignName>
<avTSortOrder>0</avTSortOrder>
<dataTypePrecision>0</dataTypePrecision>
<dataTypeScale>0</dataTypeScale>
<dataTypeSize>30</dataTypeSize>
<fileName>DjangoUser_Domains</fileName>
<logicalDatatype>LOGDT037</logicalDatatype>
</Domain>
<Domain class="oracle.dbtools.crest.model.design.Domain" name="NUMERIC_1_1_0" id="902D10DF-839E-5F30-F7B1-175746245A9E">
<createdBy>Belz-Sama</createdBy>
<createdTime>2024-11-21 22:00:15 UTC</createdTime>
<ownerDesignName>Django_BD</ownerDesignName>
<avTSortOrder>0</avTSortOrder>
<dataTypePrecision>1</dataTypePrecision>
<dataTypeScale>1</dataTypeScale>
<dataTypeSize>0</dataTypeSize>
<fileName>DjangoUser_Domains</fileName>
<logicalDatatype>LOGDT019</logicalDatatype>
</Domain>
<Domain class="oracle.dbtools.crest.model.design.Domain" name="NVARCHAR_0_0_254" id="94B5EEB6-CEDD-7954-DA54-07DB9476816D">
<createdBy>Belz-Sama</createdBy>
<createdTime>2024-11-21 22:00:16 UTC</createdTime>
<ownerDesignName>Django_BD</ownerDesignName>
<avTSortOrder>0</avTSortOrder>
<dataTypePrecision>0</dataTypePrecision>
<dataTypeScale>0</dataTypeScale>
<dataTypeSize>254</dataTypeSize>
<fileName>DjangoUser_Domains</fileName>
<logicalDatatype>LOGDT037</logicalDatatype>
</Domain>
<Domain class="oracle.dbtools.crest.model.design.Domain" name="NVARCHAR_0_0_150" id="964B3B1D-8540-3D89-AD5C-C80610F5FE24">
<createdBy>Belz-Sama</createdBy>
<createdTime>2024-11-21 22:00:15 UTC</createdTime>
<ownerDesignName>Django_BD</ownerDesignName>
<avTSortOrder>0</avTSortOrder>
<dataTypePrecision>0</dataTypePrecision>
<dataTypeScale>0</dataTypeScale>
<dataTypeSize>150</dataTypeSize>
<fileName>DjangoUser_Domains</fileName>
<logicalDatatype>LOGDT037</logicalDatatype>
</Domain>
<Domain class="oracle.dbtools.crest.model.design.Domain" name="Timestamp_6_0_0" id="96D11BCB-A7A8-88A7-AD14-AA5A3F368F02">
<createdBy>Belz-Sama</createdBy>
<createdTime>2024-11-21 22:00:15 UTC</createdTime>
<ownerDesignName>Django_BD</ownerDesignName>
<avTSortOrder>0</avTSortOrder>
<dataTypePrecision>6</dataTypePrecision>
<fileName>DjangoUser_Domains</fileName>
<logicalDatatype>LOGDT015</logicalDatatype>
</Domain>
<Domain class="oracle.dbtools.crest.model.design.Domain" name="NVARCHAR_0_0_15" id="997F5A18-3CE0-A89C-641C-CFF6D27489C8">
<createdBy>Belz-Sama</createdBy>
<createdTime>2024-11-21 22:00:16 UTC</createdTime>
<ownerDesignName>Django_BD</ownerDesignName>
<avTSortOrder>0</avTSortOrder>
<dataTypePrecision>0</dataTypePrecision>
<dataTypeScale>0</dataTypeScale>
<dataTypeSize>15</dataTypeSize>
<fileName>DjangoUser_Domains</fileName>
<logicalDatatype>LOGDT037</logicalDatatype>
</Domain>
<Domain class="oracle.dbtools.crest.model.design.Domain" name="NVARCHAR_0_0_300" id="CF35DD32-BCB7-72D0-4BF1-8F25ECC3EFB4">
<createdBy>Belz-Sama</createdBy>
<createdTime>2024-11-21 22:00:16 UTC</createdTime>
<ownerDesignName>Django_BD</ownerDesignName>
<avTSortOrder>0</avTSortOrder>
<dataTypePrecision>0</dataTypePrecision>
<dataTypeScale>0</dataTypeScale>
<dataTypeSize>300</dataTypeSize>
<fileName>DjangoUser_Domains</fileName>
<logicalDatatype>LOGDT037</logicalDatatype>
</Domain>
<Domain class="oracle.dbtools.crest.model.design.Domain" name="NVARCHAR_0_0_10" id="D9336427-C432-E5E0-B4C3-EAF96442E1C9">
<createdBy>Belz-Sama</createdBy>
<createdTime>2024-11-21 22:00:16 UTC</createdTime>
<ownerDesignName>Django_BD</ownerDesignName>
<avTSortOrder>0</avTSortOrder>
<dataTypePrecision>0</dataTypePrecision>
<dataTypeScale>0</dataTypeScale>
<dataTypeSize>10</dataTypeSize>
<fileName>DjangoUser_Domains</fileName>
<logicalDatatype>LOGDT037</logicalDatatype>
</Domain>
<Domain class="oracle.dbtools.crest.model.design.Domain" name="NUMERIC_4_2_0" id="DD630871-56F8-C14C-D1AB-C1CBCC6E10AC">
<createdBy>Belz-Sama</createdBy>
<createdTime>2024-11-21 22:00:15 UTC</createdTime>
<ownerDesignName>Django_BD</ownerDesignName>
<avTSortOrder>0</avTSortOrder>
<dataTypePrecision>4</dataTypePrecision>
<dataTypeScale>2</dataTypeScale>
<dataTypeSize>0</dataTypeSize>
<fileName>DjangoUser_Domains</fileName>
<logicalDatatype>LOGDT019</logicalDatatype>
</Domain>
<Domain class="oracle.dbtools.crest.model.design.Domain" name="NUMERIC_19_0_0" id="EFBA447A-FB0A-FDF0-7120-EB6C6D08FD7E">
<createdBy>Belz-Sama</createdBy>
<createdTime>2024-11-21 22:00:15 UTC</createdTime>
<ownerDesignName>Django_BD</ownerDesignName>
<avTSortOrder>0</avTSortOrder>
<dataTypePrecision>19</dataTypePrecision>
<dataTypeScale>0</dataTypeScale>
<dataTypeSize>0</dataTypeSize>
<fileName>DjangoUser_Domains</fileName>
<logicalDatatype>LOGDT019</logicalDatatype>
</Domain>
<Domain class="oracle.dbtools.crest.model.design.Domain" name="NVARCHAR_0_0_200" id="F1BA34B1-96B7-96CC-DD9A-4639E2CB51CE">
<createdBy>Belz-Sama</createdBy>
<createdTime>2024-11-21 22:00:15 UTC</createdTime>
<ownerDesignName>Django_BD</ownerDesignName>
<avTSortOrder>0</avTSortOrder>
<dataTypePrecision>0</dataTypePrecision>
<dataTypeScale>0</dataTypeScale>
<dataTypeSize>200</dataTypeSize>
<fileName>DjangoUser_Domains</fileName>
<logicalDatatype>LOGDT037</logicalDatatype>
</Domain>
<Domain class="oracle.dbtools.crest.model.design.Domain" name="NClob_0_0_0" id="F25ECF35-F96A-240B-E0FB-DA17850A38ED">
<createdBy>Belz-Sama</createdBy>
<createdTime>2024-11-21 22:00:15 UTC</createdTime>
<ownerDesignName>Django_BD</ownerDesignName>
<avTSortOrder>0</avTSortOrder>
<fileName>DjangoUser_Domains</fileName>
<logicalDatatype>LogDes-7DD553FD-11E8-61FA-399D-2E531FB621D0@LOGDT10035</logicalDatatype>
</Domain>
<Domain class="oracle.dbtools.crest.model.design.Domain" name="NVARCHAR_0_0_60" id="F91A2F97-648E-FC34-A811-1059FD9A09B6">
<createdBy>Belz-Sama</createdBy>
<createdTime>2024-11-21 22:00:16 UTC</createdTime>
<ownerDesignName>Django_BD</ownerDesignName>
<avTSortOrder>0</avTSortOrder>
<dataTypePrecision>0</dataTypePrecision>
<dataTypeScale>0</dataTypeScale>
<dataTypeSize>60</dataTypeSize>
<fileName>DjangoUser_Domains</fileName>
<logicalDatatype>LOGDT037</logicalDatatype>
</Domain>
</domains>
</DomainFile>