<?xml version = '1.0' encoding = 'UTF-8'?>
<TableProxyOraclev20c class="oracle.dbtools.crest.model.design.storage.oracle.v20c.TableProxyOraclev20c" name="STORE_ORDENXPRODUCTO" directorySegmentName="seg_0" id="13464D9B-4DF0-F4FF-A9E9-F7ADE69288F0">
<createdBy>Belz-Sama</createdBy>
<createdTime>2024-11-21 22:00:15 UTC</createdTime>
<ownerDesignName>Django_BD</ownerDesignName>
<schemaObject>AEA732FB-BECB-52BE-F035-E095A90AA8D1</schemaObject>
<logging>YES</logging>
<partitionedRowMovement>DISABLE</partitionedRowMovement>
<segment>3DF42C22-CD38-BDBD-D870-93CB0E4320C7</segment>
<tableSpace>4F1F1986-59EC-7114-3F13-F09BE3D09E0E</tableSpace>
<temporaryChanged>false</temporaryChanged>
<accessDriverType>oracle_loader</accessDriverType>
<rejectLimit></rejectLimit>
<columnProxies itemClass="oracle.dbtools.crest.model.design.storage.oracle.v12c.ColumnProxyOraclev12c">
<ColumnProxy name="ID_ORDEN_RELACION_ID" id="18F172FD-F3DE-9381-9C13-190E97BAC354">
<createdBy>Belz-Sama</createdBy>
<createdTime>2024-11-21 22:00:16 UTC</createdTime>
<ownerDesignName>Django_BD</ownerDesignName>
</ColumnProxy>
<ColumnProxy name="ID_ORDENXPRODUCTO" id="AA326F0A-F89C-B2CB-843E-A49035C3E980">
<createdBy>Belz-Sama</createdBy>
<createdTime>2024-11-21 22:00:16 UTC</createdTime>
<ownerDesignName>Django_BD</ownerDesignName>
<autoIncrementDDL>IDENTITY_CLAUSE</autoIncrementDDL>
</ColumnProxy>
<ColumnProxy name="CANTIDAD_PRODUCTO" id="C4B11803-A235-C8C3-C1B3-FB3A33805B6C">
<createdBy>Belz-Sama</createdBy>
<createdTime>2024-11-21 22:00:16 UTC</createdTime>
<ownerDesignName>Django_BD</ownerDesignName>
</ColumnProxy>
<ColumnProxy name="VALORADO" id="CBC18564-1358-F00E-BC94-0C6CECC6E7B3">
<createdBy>Belz-Sama</createdBy>
<createdTime>2024-11-21 22:00:16 UTC</createdTime>
<ownerDesignName>Django_BD</ownerDesignName>
</ColumnProxy>
<ColumnProxy name="ID_PRODUCTO_ID" id="DA0D187A-D7A4-A3B3-D66B-B7ABBE5722B1">
<createdBy>Belz-Sama</createdBy>
<createdTime>2024-11-21 22:00:16 UTC</createdTime>
<ownerDesignName>Django_BD</ownerDesignName>
</ColumnProxy>
<ColumnProxy name="CANTIDAD_ESTRELLAS" id="DA956A4B-84DE-A98E-66A4-D58732D118AA">
<createdBy>Belz-Sama</createdBy>
<createdTime>2024-11-21 22:00:16 UTC</createdTime>
<ownerDesignName>Django_BD</ownerDesignName>
</ColumnProxy>
</columnProxies>
<indexProxies>
<IndexProxy class="oracle.dbtools.crest.model.design.storage.oracle.v10g.IndexProxyOraclev10g" name="STORE_ORDE_ID_PRODUCT_341A82C5" id="3201D6CC-E6DB-A7EB-B470-78A9E3E4291F">
<createdBy>Belz-Sama</createdBy>
<createdTime>2024-11-21 22:00:16 UTC</createdTime>
<ownerDesignName>Django_BD</ownerDesignName>
<schemaObject>AEA732FB-BECB-52BE-F035-E095A90AA8D1</schemaObject>
<computeStatistics>YES</computeStatistics>
<logging></logging>
<segment>E2171BA1-F717-88FC-D8FC-69ED1F9E452F</segment>
<tableSpace>4F1F1986-59EC-7114-3F13-F09BE3D09E0E</tableSpace>
</IndexProxy>
<IndexProxy class="oracle.dbtools.crest.model.design.storage.oracle.v10g.IndexProxyOraclev10g" name="STORE_ORDE_ID_ORDEN_R_F53205C6" id="EC402B1F-EF59-1007-5CB1-BEC1D9DE2E62">
<createdBy>Belz-Sama</createdBy>
<createdTime>2024-11-21 22:00:16 UTC</createdTime>
<ownerDesignName>Django_BD</ownerDesignName>
<schemaObject>AEA732FB-BECB-52BE-F035-E095A90AA8D1</schemaObject>
<computeStatistics>YES</computeStatistics>
<logging></logging>
<segment>E2171BA1-F717-88FC-D8FC-69ED1F9E452F</segment>
<tableSpace>4F1F1986-59EC-7114-3F13-F09BE3D09E0E</tableSpace>
</IndexProxy>
</indexProxies>
<foreignKeys>
<ForeignKey class="oracle.dbtools.crest.model.design.storage.oracle.v10g.FKProxyOraclev10g" name="STORE_ORD_ID_ORDEN__F53205C6_F" id="86C3D3A0-C05D-3626-F750-4F9C5A7571DC">
<createdBy>Belz-Sama</createdBy>
<createdTime>2024-11-21 22:00:16 UTC</createdTime>
<ownerDesignName>Django_BD</ownerDesignName>
<deferrable>YES</deferrable>
<initially>DEFERRED</initially>
</ForeignKey>
<ForeignKey class="oracle.dbtools.crest.model.design.storage.oracle.v10g.FKProxyOraclev10g" name="STORE_ORD_ID_PRODUC_341A82C5_F" id="FD4D6604-14FA-83D3-B75C-12F42D707EB8">
<createdBy>Belz-Sama</createdBy>
<createdTime>2024-11-21 22:00:16 UTC</createdTime>
<ownerDesignName>Django_BD</ownerDesignName>
<deferrable>YES</deferrable>
<initially>DEFERRED</initially>
</ForeignKey>
</foreignKeys>
<primaryKeys>
<PrimaryKey class="oracle.dbtools.crest.model.design.storage.oracle.v10g.PKProxyOraclev10g" name="STORE_ORDENXPRODUCTO_PK" id="57D0C249-40E8-3555-59D4-99F00BEF02E1">
<createdBy>Belz-Sama</createdBy>
<createdTime>2024-11-21 22:00:16 UTC</createdTime>
<ownerDesignName>Django_BD</ownerDesignName>
<logging></logging>
<segment>129DDE16-075F-DB24-9484-883966B260AF</segment>
<tableSpace>4F1F1986-59EC-7114-3F13-F09BE3D09E0E</tableSpace>
<indexSegment>129DDE16-075F-DB24-9484-883966B260AF</indexSegment>
<indexSort>SORTED</indexSort>
<usingIndex>BY INDEX NAME</usingIndex>
</PrimaryKey>
</primaryKeys>
</TableProxyOraclev20c>