<?xml version = '1.0' encoding = 'UTF-8'?>
<TableProxyOraclev20c class="oracle.dbtools.crest.model.design.storage.oracle.v20c.TableProxyOraclev20c" name="CLASSES_UNIDADCLASE" directorySegmentName="seg_0" id="2CABDF6F-5516-8A0F-523A-97547E45FCCB">
<createdBy>Belz-Sama</createdBy>
<createdTime>2024-11-21 22:00:15 UTC</createdTime>
<ownerDesignName>Django_BD</ownerDesignName>
<schemaObject>AEA732FB-BECB-52BE-F035-E095A90AA8D1</schemaObject>
<logging>YES</logging>
<partitionedRowMovement>DISABLE</partitionedRowMovement>
<segment>3DF42C22-CD38-BDBD-D870-93CB0E4320C7</segment>
<tableSpace>4F1F1986-59EC-7114-3F13-F09BE3D09E0E</tableSpace>
<temporaryChanged>false</temporaryChanged>
<accessDriverType>oracle_loader</accessDriverType>
<rejectLimit></rejectLimit>
<columnProxies itemClass="oracle.dbtools.crest.model.design.storage.oracle.v12c.ColumnProxyOraclev12c">
<ColumnProxy name="MATERIA_ASOCIADA_ID" id="50E9AB18-C1CC-3F8A-6706-8F05C4AC8220">
<createdBy>Belz-Sama</createdBy>
<createdTime>2024-11-21 22:00:15 UTC</createdTime>
<ownerDesignName>Django_BD</ownerDesignName>
<defaultValue>NULL</defaultValue>
</ColumnProxy>
<ColumnProxy name="ID_UNIDAD_CLASE" id="6153D71E-EC4F-996A-C70A-547EAFF30032">
<createdBy>Belz-Sama</createdBy>
<createdTime>2024-11-21 22:00:15 UTC</createdTime>
<ownerDesignName>Django_BD</ownerDesignName>
<autoIncrementDDL>IDENTITY_CLAUSE</autoIncrementDDL>
</ColumnProxy>
<ColumnProxy name="NOMBRE_UNIDAD" id="6765C78A-8A03-D8C8-5876-F2CC7729E864">
<createdBy>Belz-Sama</createdBy>
<createdTime>2024-11-21 22:00:15 UTC</createdTime>
<ownerDesignName>Django_BD</ownerDesignName>
</ColumnProxy>
<ColumnProxy name="NUMERO_ORDEN" id="70B85F38-2702-3769-19F8-93903C4ADE17">
<createdBy>Belz-Sama</createdBy>
<createdTime>2024-11-21 22:00:15 UTC</createdTime>
<ownerDesignName>Django_BD</ownerDesignName>
</ColumnProxy>
<ColumnProxy name="IMAGENCLASE" id="A6E26F50-CB87-3A81-12B7-A80790B71778">
<createdBy>Belz-Sama</createdBy>
<createdTime>2024-11-21 22:00:15 UTC</createdTime>
<ownerDesignName>Django_BD</ownerDesignName>
<defaultValue>NULL</defaultValue>
</ColumnProxy>
<ColumnProxy name="DESCRIPCION" id="D3540895-42E1-9A06-29DE-537C9C96BA06">
<createdBy>Belz-Sama</createdBy>
<createdTime>2024-11-21 22:00:15 UTC</createdTime>
<ownerDesignName>Django_BD</ownerDesignName>
</ColumnProxy>
<ColumnProxy name="FECHA_CREACION" id="F4DDF38A-5F34-2670-E724-C278A4D96443">
<createdBy>Belz-Sama</createdBy>
<createdTime>2024-11-21 22:00:15 UTC</createdTime>
<ownerDesignName>Django_BD</ownerDesignName>
</ColumnProxy>
</columnProxies>
<indexProxies>
<IndexProxy class="oracle.dbtools.crest.model.design.storage.oracle.v10g.IndexProxyOraclev10g" name="CLASSES_UN_MATERIA_AS_C24EAB3D" id="55E28B88-2C45-57F5-4DF2-815232B40D91">
<createdBy>Belz-Sama</createdBy>
<createdTime>2024-11-21 22:00:15 UTC</createdTime>
<ownerDesignName>Django_BD</ownerDesignName>
<schemaObject>AEA732FB-BECB-52BE-F035-E095A90AA8D1</schemaObject>
<computeStatistics>YES</computeStatistics>
<logging></logging>
<segment>E2171BA1-F717-88FC-D8FC-69ED1F9E452F</segment>
<tableSpace>4F1F1986-59EC-7114-3F13-F09BE3D09E0E</tableSpace>
</IndexProxy>
</indexProxies>
<foreignKeys>
<ForeignKey class="oracle.dbtools.crest.model.design.storage.oracle.v10g.FKProxyOraclev10g" name="CLASSES_U_MATERIA_A_C24EAB3D_F" id="A281D07D-E2D9-EDB1-0AF5-AE566D64C27F">
<createdBy>Belz-Sama</createdBy>
<createdTime>2024-11-21 22:00:16 UTC</createdTime>
<ownerDesignName>Django_BD</ownerDesignName>
<deferrable>YES</deferrable>
<initially>DEFERRED</initially>
</ForeignKey>
</foreignKeys>
<lobStorages>
<LobStorage class="oracle.dbtools.crest.model.design.storage.oracle.v11g.LobStorageOraclev11g" name="LS12" id="29BB3125-656D-5D38-61B6-E75DDE2EBAB5">
<sourceDDLFile>DjangoUser.sql</sourceDDLFile>
<createdBy>Belz-Sama</createdBy>
<createdTime>2024-11-21 22:00:16 UTC</createdTime>
<ownerDesignName>Django_BD</ownerDesignName>
<cache>NOCACHE</cache>
<chunk>8192</chunk>
<column>NOMBRE_UNIDAD</column>
<compression>NO</compression>
<duplication>KEEP_DUPLICATES</duplication>
<logging>YES</logging>
<tableSpace>4F1F1986-59EC-7114-3F13-F09BE3D09E0E</tableSpace>
<lobStorageType>SECUREFILE</lobStorageType>
</LobStorage>
<LobStorage class="oracle.dbtools.crest.model.design.storage.oracle.v11g.LobStorageOraclev11g" name="LS13" id="4C1381E2-6BE5-55C9-9B9A-F14ADE684A8E">
<sourceDDLFile>DjangoUser.sql</sourceDDLFile>
<createdBy>Belz-Sama</createdBy>
<createdTime>2024-11-21 22:00:16 UTC</createdTime>
<ownerDesignName>Django_BD</ownerDesignName>
<cache>NOCACHE</cache>
<chunk>8192</chunk>
<column>DESCRIPCION</column>
<compression>NO</compression>
<duplication>KEEP_DUPLICATES</duplication>
<logging>YES</logging>
<tableSpace>4F1F1986-59EC-7114-3F13-F09BE3D09E0E</tableSpace>
<lobStorageType>SECUREFILE</lobStorageType>
</LobStorage>
</lobStorages>
<primaryKeys>
<PrimaryKey class="oracle.dbtools.crest.model.design.storage.oracle.v10g.PKProxyOraclev10g" name="CLASSES_UNIDADCLASE_PK" id="5B13EC80-BA45-8753-1EF5-3CC0F20220E9">
<createdBy>Belz-Sama</createdBy>
<createdTime>2024-11-21 22:00:15 UTC</createdTime>
<ownerDesignName>Django_BD</ownerDesignName>
<logging></logging>
<segment>129DDE16-075F-DB24-9484-883966B260AF</segment>
<tableSpace>4F1F1986-59EC-7114-3F13-F09BE3D09E0E</tableSpace>
<indexSegment>129DDE16-075F-DB24-9484-883966B260AF</indexSegment>
<indexSort>SORTED</indexSort>
<usingIndex>BY INDEX NAME</usingIndex>
</PrimaryKey>
</primaryKeys>
</TableProxyOraclev20c>