<?xml version = '1.0' encoding = 'UTF-8'?>
<TableProxyOraclev20c class="oracle.dbtools.crest.model.design.storage.oracle.v20c.TableProxyOraclev20c" name="CLASSES_CONTENIDOCLASE" directorySegmentName="seg_0" id="63352407-6A4F-B793-DAFB-911C0FB9C9E6">
<createdBy>Belz-Sama</createdBy>
<createdTime>2024-11-21 22:00:15 UTC</createdTime>
<ownerDesignName>Django_BD</ownerDesignName>
<schemaObject>AEA732FB-BECB-52BE-F035-E095A90AA8D1</schemaObject>
<logging>YES</logging>
<partitionedRowMovement>DISABLE</partitionedRowMovement>
<segment>3DF42C22-CD38-BDBD-D870-93CB0E4320C7</segment>
<tableSpace>4F1F1986-59EC-7114-3F13-F09BE3D09E0E</tableSpace>
<temporaryChanged>false</temporaryChanged>
<accessDriverType>oracle_loader</accessDriverType>
<rejectLimit></rejectLimit>
<columnProxies itemClass="oracle.dbtools.crest.model.design.storage.oracle.v12c.ColumnProxyOraclev12c">
<ColumnProxy name="FECHA_CREACION" id="8D6AC825-4B4C-2BD4-C448-1FEEE36FAADD">
<createdBy>Belz-Sama</createdBy>
<createdTime>2024-11-21 22:00:15 UTC</createdTime>
<ownerDesignName>Django_BD</ownerDesignName>
</ColumnProxy>
<ColumnProxy name="TITULO_CONTENIDO" id="B290400B-2321-0F7A-9A6A-20A7964262CB">
<createdBy>Belz-Sama</createdBy>
<createdTime>2024-11-21 22:00:15 UTC</createdTime>
<ownerDesignName>Django_BD</ownerDesignName>
<defaultValue>NULL</defaultValue>
</ColumnProxy>
<ColumnProxy name="ID_CONTENIDO" id="B9A343D1-181C-A6E0-16AB-F4E12353AFEB">
<createdBy>Belz-Sama</createdBy>
<createdTime>2024-11-21 22:00:15 UTC</createdTime>
<ownerDesignName>Django_BD</ownerDesignName>
<autoIncrementDDL>IDENTITY_CLAUSE</autoIncrementDDL>
</ColumnProxy>
<ColumnProxy name="SUBTITULO_CONTENIDO" id="B9C3A21B-3041-F251-3BB5-EBEE2B0A22D2">
<createdBy>Belz-Sama</createdBy>
<createdTime>2024-11-21 22:00:15 UTC</createdTime>
<ownerDesignName>Django_BD</ownerDesignName>
<defaultValue>NULL</defaultValue>
</ColumnProxy>
<ColumnProxy name="UNIDAD_ASOCIADA_ID" id="FA0BF65C-C771-D75E-904D-6C4459536899">
<createdBy>Belz-Sama</createdBy>
<createdTime>2024-11-21 22:00:15 UTC</createdTime>
<ownerDesignName>Django_BD</ownerDesignName>
</ColumnProxy>
<ColumnProxy name="CONTENIDO_CLASES" id="FA6FB432-1C3C-734B-FF03-E759652E6249">
<createdBy>Belz-Sama</createdBy>
<createdTime>2024-11-21 22:00:15 UTC</createdTime>
<ownerDesignName>Django_BD</ownerDesignName>
</ColumnProxy>
</columnProxies>
<indexProxies>
<IndexProxy class="oracle.dbtools.crest.model.design.storage.oracle.v10g.IndexProxyOraclev10g" name="CLASSES_CO_UNIDAD_ASO_8CAB0402" id="80CBF395-292F-08E7-FA04-33C0550B7766">
<createdBy>Belz-Sama</createdBy>
<createdTime>2024-11-21 22:00:15 UTC</createdTime>
<ownerDesignName>Django_BD</ownerDesignName>
<schemaObject>AEA732FB-BECB-52BE-F035-E095A90AA8D1</schemaObject>
<computeStatistics>YES</computeStatistics>
<logging></logging>
<segment>E2171BA1-F717-88FC-D8FC-69ED1F9E452F</segment>
<tableSpace>4F1F1986-59EC-7114-3F13-F09BE3D09E0E</tableSpace>
</IndexProxy>
</indexProxies>
<foreignKeys>
<ForeignKey class="oracle.dbtools.crest.model.design.storage.oracle.v10g.FKProxyOraclev10g" name="CLASSES_C_UNIDAD_AS_8CAB0402_F" id="415211B0-703D-51DB-8AB5-663E8B0E8EB1">
<createdBy>Belz-Sama</createdBy>
<createdTime>2024-11-21 22:00:16 UTC</createdTime>
<ownerDesignName>Django_BD</ownerDesignName>
<deferrable>YES</deferrable>
<initially>DEFERRED</initially>
</ForeignKey>
</foreignKeys>
<lobStorages>
<LobStorage class="oracle.dbtools.crest.model.design.storage.oracle.v11g.LobStorageOraclev11g" name="LS7" id="ECC56B57-F11F-3D44-BFC0-4BD302CDDD72">
<sourceDDLFile>DjangoUser.sql</sourceDDLFile>
<createdBy>Belz-Sama</createdBy>
<createdTime>2024-11-21 22:00:16 UTC</createdTime>
<ownerDesignName>Django_BD</ownerDesignName>
<cache>NOCACHE</cache>
<chunk>8192</chunk>
<column>CONTENIDO_CLASES</column>
<compression>NO</compression>
<duplication>KEEP_DUPLICATES</duplication>
<logging>YES</logging>
<tableSpace>4F1F1986-59EC-7114-3F13-F09BE3D09E0E</tableSpace>
<lobStorageType>SECUREFILE</lobStorageType>
</LobStorage>
<LobStorage class="oracle.dbtools.crest.model.design.storage.oracle.v11g.LobStorageOraclev11g" name="LS8" id="0D517BF5-1EAE-3E03-FDDF-5C31C0DB1811">
<sourceDDLFile>DjangoUser.sql</sourceDDLFile>
<createdBy>Belz-Sama</createdBy>
<createdTime>2024-11-21 22:00:16 UTC</createdTime>
<ownerDesignName>Django_BD</ownerDesignName>
<cache>NOCACHE</cache>
<chunk>8192</chunk>
<column>SUBTITULO_CONTENIDO</column>
<compression>NO</compression>
<duplication>KEEP_DUPLICATES</duplication>
<logging>YES</logging>
<tableSpace>4F1F1986-59EC-7114-3F13-F09BE3D09E0E</tableSpace>
<lobStorageType>SECUREFILE</lobStorageType>
</LobStorage>
<LobStorage class="oracle.dbtools.crest.model.design.storage.oracle.v11g.LobStorageOraclev11g" name="LS9" id="2E5F916C-368D-8BA5-55A5-1E046C744073">
<sourceDDLFile>DjangoUser.sql</sourceDDLFile>
<createdBy>Belz-Sama</createdBy>
<createdTime>2024-11-21 22:00:16 UTC</createdTime>
<ownerDesignName>Django_BD</ownerDesignName>
<cache>NOCACHE</cache>
<chunk>8192</chunk>
<column>TITULO_CONTENIDO</column>
<compression>NO</compression>
<duplication>KEEP_DUPLICATES</duplication>
<logging>YES</logging>
<tableSpace>4F1F1986-59EC-7114-3F13-F09BE3D09E0E</tableSpace>
<lobStorageType>SECUREFILE</lobStorageType>
</LobStorage>
</lobStorages>
<primaryKeys>
<PrimaryKey class="oracle.dbtools.crest.model.design.storage.oracle.v10g.PKProxyOraclev10g" name="CLASSES_CONTENIDOCLASE_PK" id="926BE564-609D-9A03-5B5F-74F2FEDFE707">
<createdBy>Belz-Sama</createdBy>
<createdTime>2024-11-21 22:00:15 UTC</createdTime>
<ownerDesignName>Django_BD</ownerDesignName>
<logging></logging>
<segment>129DDE16-075F-DB24-9484-883966B260AF</segment>
<tableSpace>4F1F1986-59EC-7114-3F13-F09BE3D09E0E</tableSpace>
<indexSegment>129DDE16-075F-DB24-9484-883966B260AF</indexSegment>
<indexSort>SORTED</indexSort>
<usingIndex>BY INDEX NAME</usingIndex>
</PrimaryKey>
</primaryKeys>
</TableProxyOraclev20c>