<?xml version = '1.0' encoding = 'UTF-8'?>
<TableProxyOraclev20c class="oracle.dbtools.crest.model.design.storage.oracle.v20c.TableProxyOraclev20c" name="AUTH_GROUP" directorySegmentName="seg_0" id="6B3D077D-C256-C6A5-47BD-4B4B6EE9A98E">
<createdBy>Belz-Sama</createdBy>
<createdTime>2024-11-21 22:00:15 UTC</createdTime>
<ownerDesignName>Django_BD</ownerDesignName>
<schemaObject>AEA732FB-BECB-52BE-F035-E095A90AA8D1</schemaObject>
<logging>YES</logging>
<partitionedRowMovement>DISABLE</partitionedRowMovement>
<segment>3DF42C22-CD38-BDBD-D870-93CB0E4320C7</segment>
<tableSpace>4F1F1986-59EC-7114-3F13-F09BE3D09E0E</tableSpace>
<temporaryChanged>false</temporaryChanged>
<accessDriverType>oracle_loader</accessDriverType>
<rejectLimit></rejectLimit>
<columnProxies itemClass="oracle.dbtools.crest.model.design.storage.oracle.v12c.ColumnProxyOraclev12c">
<ColumnProxy name="NAME" id="28302F10-BCFF-F5EF-B398-CCA4E3A8A7A2">
<createdBy>Belz-Sama</createdBy>
<createdTime>2024-11-21 22:00:15 UTC</createdTime>
<ownerDesignName>Django_BD</ownerDesignName>
</ColumnProxy>
<ColumnProxy name="ID" id="E3BBF332-8F58-2658-3B7D-91717EB88241">
<createdBy>Belz-Sama</createdBy>
<createdTime>2024-11-21 22:00:15 UTC</createdTime>
<ownerDesignName>Django_BD</ownerDesignName>
<autoIncrementDDL>IDENTITY_CLAUSE</autoIncrementDDL>
</ColumnProxy>
</columnProxies>
<primaryKeys>
<PrimaryKey class="oracle.dbtools.crest.model.design.storage.oracle.v10g.PKProxyOraclev10g" name="AUTH_GROUP_PK" id="8929FF46-2E04-E013-7CAA-575CDD2653E2">
<createdBy>Belz-Sama</createdBy>
<createdTime>2024-11-21 22:00:15 UTC</createdTime>
<ownerDesignName>Django_BD</ownerDesignName>
<logging></logging>
<segment>129DDE16-075F-DB24-9484-883966B260AF</segment>
<tableSpace>4F1F1986-59EC-7114-3F13-F09BE3D09E0E</tableSpace>
<indexSegment>129DDE16-075F-DB24-9484-883966B260AF</indexSegment>
<indexSort>SORTED</indexSort>
<usingIndex>BY INDEX NAME</usingIndex>
</PrimaryKey>
</primaryKeys>
<uniqueKeys>
<UniqueKey class="oracle.dbtools.crest.model.design.storage.oracle.v10g.UniqueOraclev10g" name="AUTH_GROUP_UK0" id="E662D2F9-B889-9491-C67E-56BC701A4A21">
<createdBy>Belz-Sama</createdBy>
<createdTime>2024-11-21 22:00:15 UTC</createdTime>
<ownerDesignName>Django_BD</ownerDesignName>
<logging></logging>
<segment>129DDE16-075F-DB24-9484-883966B260AF</segment>
<tableSpace>4F1F1986-59EC-7114-3F13-F09BE3D09E0E</tableSpace>
<indexSegment>129DDE16-075F-DB24-9484-883966B260AF</indexSegment>
<indexSort>SORTED</indexSort>
<usingIndex>BY INDEX NAME</usingIndex>
</UniqueKey>
</uniqueKeys>
</TableProxyOraclev20c>