<?xml version = '1.0' encoding = 'UTF-8'?>
<TableProxyOraclev20c class="oracle.dbtools.crest.model.design.storage.oracle.v20c.TableProxyOraclev20c" name="CLASSES_EVALUACION" directorySegmentName="seg_0" id="A7556DBE-4D06-97A7-B18F-A8CD14EF1154">
<createdBy>Belz-Sama</createdBy>
<createdTime>2024-11-21 22:00:15 UTC</createdTime>
<ownerDesignName>Django_BD</ownerDesignName>
<schemaObject>AEA732FB-BECB-52BE-F035-E095A90AA8D1</schemaObject>
<logging>YES</logging>
<partitionedRowMovement>DISABLE</partitionedRowMovement>
<segment>3DF42C22-CD38-BDBD-D870-93CB0E4320C7</segment>
<tableSpace>4F1F1986-59EC-7114-3F13-F09BE3D09E0E</tableSpace>
<temporaryChanged>false</temporaryChanged>
<accessDriverType>oracle_loader</accessDriverType>
<rejectLimit></rejectLimit>
<columnProxies itemClass="oracle.dbtools.crest.model.design.storage.oracle.v12c.ColumnProxyOraclev12c">
<ColumnProxy name="NOTA" id="07C3A521-527B-2C46-35A5-19FC90E9963F">
<createdBy>Belz-Sama</createdBy>
<createdTime>2024-11-21 22:00:15 UTC</createdTime>
<ownerDesignName>Django_BD</ownerDesignName>
</ColumnProxy>
<ColumnProxy name="DESCRIPCION" id="61C1AB6C-C7D8-1E51-7776-258526CF65CC">
<createdBy>Belz-Sama</createdBy>
<createdTime>2024-11-21 22:00:15 UTC</createdTime>
<ownerDesignName>Django_BD</ownerDesignName>
</ColumnProxy>
<ColumnProxy name="FECHA_CREACION" id="81786355-0300-512B-1F28-6A3A19CEFEC9">
<createdBy>Belz-Sama</createdBy>
<createdTime>2024-11-21 22:00:15 UTC</createdTime>
<ownerDesignName>Django_BD</ownerDesignName>
</ColumnProxy>
<ColumnProxy name="PONDERACION" id="81AEB7AD-0757-D2F2-C615-E2075D18EAF7">
<createdBy>Belz-Sama</createdBy>
<createdTime>2024-11-21 22:00:15 UTC</createdTime>
<ownerDesignName>Django_BD</ownerDesignName>
</ColumnProxy>
<ColumnProxy name="ID_EVALUACION" id="A9B44015-8959-16AA-DFA1-AD2758258F1B">
<createdBy>Belz-Sama</createdBy>
<createdTime>2024-11-21 22:00:15 UTC</createdTime>
<ownerDesignName>Django_BD</ownerDesignName>
<autoIncrementDDL>IDENTITY_CLAUSE</autoIncrementDDL>
</ColumnProxy>
<ColumnProxy name="NOMBRE_EVALUACION" id="A9DA6744-5C2D-0869-09AC-07F0D50442A1">
<createdBy>Belz-Sama</createdBy>
<createdTime>2024-11-21 22:00:15 UTC</createdTime>
<ownerDesignName>Django_BD</ownerDesignName>
</ColumnProxy>
<ColumnProxy name="ASIGNATURA_ALUMNO_ID" id="BCFF947D-1275-BB08-F76F-CA61A319446A">
<createdBy>Belz-Sama</createdBy>
<createdTime>2024-11-21 22:00:15 UTC</createdTime>
<ownerDesignName>Django_BD</ownerDesignName>
</ColumnProxy>
<ColumnProxy name="FECHA_EVALUACION" id="D0499082-1684-0C46-9726-D02F20E39C08">
<createdBy>Belz-Sama</createdBy>
<createdTime>2024-11-21 22:00:15 UTC</createdTime>
<ownerDesignName>Django_BD</ownerDesignName>
</ColumnProxy>
</columnProxies>
<indexProxies>
<IndexProxy class="oracle.dbtools.crest.model.design.storage.oracle.v10g.IndexProxyOraclev10g" name="CLASSES_EV_ASIGNATURA_37EAA9D8" id="2135AE90-46DD-51C0-318E-0E8040992295">
<createdBy>Belz-Sama</createdBy>
<createdTime>2024-11-21 22:00:15 UTC</createdTime>
<ownerDesignName>Django_BD</ownerDesignName>
<schemaObject>AEA732FB-BECB-52BE-F035-E095A90AA8D1</schemaObject>
<computeStatistics>YES</computeStatistics>
<logging></logging>
<segment>E2171BA1-F717-88FC-D8FC-69ED1F9E452F</segment>
<tableSpace>4F1F1986-59EC-7114-3F13-F09BE3D09E0E</tableSpace>
</IndexProxy>
</indexProxies>
<foreignKeys>
<ForeignKey class="oracle.dbtools.crest.model.design.storage.oracle.v10g.FKProxyOraclev10g" name="CLASSES_E_ASIGNATUR_37EAA9D8_F" id="1A2B1D02-29E3-5FBA-CB76-E386723875C3">
<createdBy>Belz-Sama</createdBy>
<createdTime>2024-11-21 22:00:16 UTC</createdTime>
<ownerDesignName>Django_BD</ownerDesignName>
<deferrable>YES</deferrable>
<initially>DEFERRED</initially>
</ForeignKey>
</foreignKeys>
<lobStorages>
<LobStorage class="oracle.dbtools.crest.model.design.storage.oracle.v11g.LobStorageOraclev11g" name="LS10" id="2743EF88-5E0E-2807-5120-C4ED784A43BF">
<sourceDDLFile>DjangoUser.sql</sourceDDLFile>
<createdBy>Belz-Sama</createdBy>
<createdTime>2024-11-21 22:00:16 UTC</createdTime>
<ownerDesignName>Django_BD</ownerDesignName>
<cache>NOCACHE</cache>
<chunk>8192</chunk>
<column>DESCRIPCION</column>
<compression>NO</compression>
<duplication>KEEP_DUPLICATES</duplication>
<logging>YES</logging>
<tableSpace>4F1F1986-59EC-7114-3F13-F09BE3D09E0E</tableSpace>
<lobStorageType>SECUREFILE</lobStorageType>
</LobStorage>
</lobStorages>
<primaryKeys>
<PrimaryKey class="oracle.dbtools.crest.model.design.storage.oracle.v10g.PKProxyOraclev10g" name="CLASSES_EVALUACION_PK" id="8FF45AD2-6A7F-4947-C659-59F9A1BEDAD9">
<createdBy>Belz-Sama</createdBy>
<createdTime>2024-11-21 22:00:15 UTC</createdTime>
<ownerDesignName>Django_BD</ownerDesignName>
<logging></logging>
<segment>129DDE16-075F-DB24-9484-883966B260AF</segment>
<tableSpace>4F1F1986-59EC-7114-3F13-F09BE3D09E0E</tableSpace>
<indexSegment>129DDE16-075F-DB24-9484-883966B260AF</indexSegment>
<indexSort>SORTED</indexSort>
<usingIndex>BY INDEX NAME</usingIndex>
</PrimaryKey>
</primaryKeys>
</TableProxyOraclev20c>