<?xml version = '1.0' encoding = 'UTF-8'?>
<Table class="oracle.dbtools.crest.model.design.relational.Table" directorySegmentName="seg_0" id="1A67B50F-35D0-F9A7-991B-6002D0228EE5" schemaObject="AEA732FB-BECB-52BE-F035-E095A90AA8D1" name="CLASSES_TIPOMEMBRESIA">
<sourceDDLFile>DjangoUser.sql</sourceDDLFile>
<createdBy>Belz-Sama</createdBy>
<createdTime>2024-11-21 22:00:15 UTC</createdTime>
<ownerDesignName>Django_BD</ownerDesignName>
<importedID>C94EC55D-24B7-5F69-9811-429E4526B3EB</importedID>
<allowColumnReorder>false</allowColumnReorder>
<existDependencyGenerateInDDl>true</existDependencyGenerateInDDl>
<parsed>true</parsed>
<columns itemClass="oracle.dbtools.crest.model.design.relational.Column">
<Column name="ID_TIPO_MEMBRESIA" id="0BBF291F-9FE0-FE18-0D5C-5111E41ED75C">
<sourceDDLFile>DjangoUser.sql</sourceDDLFile>
<createdBy>Belz-Sama</createdBy>
<createdTime>2024-11-21 22:00:15 UTC</createdTime>
<ownerDesignName>Django_BD</ownerDesignName>
<importedID>84093198-D152-2844-9932-779CAA4D9967</importedID>
<use>0</use>
<logicalDatatype>LOGDT019</logicalDatatype>
<domain>3B2A3BA2-B154-65BA-FCA1-52AE8EA9F4F5</domain>
<ownDataTypeParameters>,,</ownDataTypeParameters>
<autoIncrementColumn>true</autoIncrementColumn>
<identityColumn>true</identityColumn>
<defaultOntNull>true</defaultOntNull>
<autoIncrementCycle>false</autoIncrementCycle>
<autoIncrementOrder>false</autoIncrementOrder>
</Column>
<Column name="NOMBRE_MEMBRESIA" id="F5C038C1-5852-403F-15C5-64F087A5D626">
<sourceDDLFile>DjangoUser.sql</sourceDDLFile>
<createdBy>Belz-Sama</createdBy>
<createdTime>2024-11-21 22:00:15 UTC</createdTime>
<ownerDesignName>Django_BD</ownerDesignName>
<importedID>745C612B-48B3-6921-BEEE-4C0A2B3417FE</importedID>
<nullsAllowed>true</nullsAllowed>
<use>0</use>
<logicalDatatype>LogDes-7DD553FD-11E8-61FA-399D-2E531FB621D0@LOGDT10035</logicalDatatype>
<domain>F25ECF35-F96A-240B-E0FB-DA17850A38ED</domain>
<ownDataTypeParameters>,,</ownDataTypeParameters>
<autoIncrementCycle>false</autoIncrementCycle>
</Column>
</columns>
<indexes itemClass="oracle.dbtools.crest.model.design.relational.Index">
<ind_PK_UK id="111CFA68-C072-C178-4204-F30F00D33120" name="CLASSES_TIPOMEMBRESIA_PK">
<sourceDDLFile>DjangoUser.sql</sourceDDLFile>
<createdBy>Belz-Sama</createdBy>
<createdTime>2024-11-21 22:00:15 UTC</createdTime>
<ownerDesignName>Django_BD</ownerDesignName>
<importedID>2B88B145-9BCD-A155-9B74-82C2A63B8C85</importedID>
<pk>true</pk>
<indexState>Primary Constraint</indexState>
<isSurrogateKey>false</isSurrogateKey>
<indexColumnUsage>
<colUsage columnID="0BBF291F-9FE0-FE18-0D5C-5111E41ED75C"/>
</indexColumnUsage>
</ind_PK_UK>
</indexes>
</Table>