<?xml version = '1.0' encoding = 'UTF-8'?>
<Table class="oracle.dbtools.crest.model.design.relational.Table" directorySegmentName="seg_0" id="21B378DB-7495-036A-6F6E-AC732D78D4DE" schemaObject="AEA732FB-BECB-52BE-F035-E095A90AA8D1" name="LIBRARY_MATERIALBIBLIOTECA">
<sourceDDLFile>DjangoUser.sql</sourceDDLFile>
<createdBy>Belz-Sama</createdBy>
<createdTime>2024-11-21 22:00:15 UTC</createdTime>
<ownerDesignName>Django_BD</ownerDesignName>
<importedID>F435B273-F8E9-02AD-10CE-F90F76DCD21F</importedID>
<allowColumnReorder>false</allowColumnReorder>
<existDependencyGenerateInDDl>true</existDependencyGenerateInDDl>
<parsed>true</parsed>
<columns itemClass="oracle.dbtools.crest.model.design.relational.Column">
<Column name="ID_MATERIAL" id="2B3B3F13-C8E3-8A74-7C87-5B4F1FD9BCF4">
<sourceDDLFile>DjangoUser.sql</sourceDDLFile>
<createdBy>Belz-Sama</createdBy>
<createdTime>2024-11-21 22:00:16 UTC</createdTime>
<ownerDesignName>Django_BD</ownerDesignName>
<importedID>FB96E62F-ACA4-0737-24AD-ADFB49193966</importedID>
<use>0</use>
<logicalDatatype>LOGDT019</logicalDatatype>
<domain>3B2A3BA2-B154-65BA-FCA1-52AE8EA9F4F5</domain>
<ownDataTypeParameters>,,</ownDataTypeParameters>
<autoIncrementColumn>true</autoIncrementColumn>
<identityColumn>true</identityColumn>
<defaultOntNull>true</defaultOntNull>
<autoIncrementCycle>false</autoIncrementCycle>
<autoIncrementOrder>false</autoIncrementOrder>
</Column>
<Column name="TITULO_MATERIAL" id="8F09CD9A-0621-A8F3-214A-2AA3BF838859">
<sourceDDLFile>DjangoUser.sql</sourceDDLFile>
<createdBy>Belz-Sama</createdBy>
<createdTime>2024-11-21 22:00:16 UTC</createdTime>
<ownerDesignName>Django_BD</ownerDesignName>
<importedID>00C3D96C-4349-65F9-8A43-C7D6419FDAA5</importedID>
<nullsAllowed>true</nullsAllowed>
<use>0</use>
<logicalDatatype>LogDes-7DD553FD-11E8-61FA-399D-2E531FB621D0@LOGDT10035</logicalDatatype>
<domain>F25ECF35-F96A-240B-E0FB-DA17850A38ED</domain>
<ownDataTypeParameters>,,</ownDataTypeParameters>
<autoIncrementCycle>false</autoIncrementCycle>
</Column>
<Column name="NIVEL_APRENDIZAJE" id="728CF22E-BFAF-9EAC-29F7-E4555DA943E9">
<sourceDDLFile>DjangoUser.sql</sourceDDLFile>
<createdBy>Belz-Sama</createdBy>
<createdTime>2024-11-21 22:00:16 UTC</createdTime>
<ownerDesignName>Django_BD</ownerDesignName>
<importedID>1B028467-482D-3434-0A22-D906FD669C76</importedID>
<use>0</use>
<logicalDatatype>LOGDT019</logicalDatatype>
<domain>3B2A3BA2-B154-65BA-FCA1-52AE8EA9F4F5</domain>
<ownDataTypeParameters>,,</ownDataTypeParameters>
<autoIncrementCycle>false</autoIncrementCycle>
</Column>
<Column name="SUBTITULO_MATERIAL" id="07F8D7DA-3D5C-1769-96FC-EB0C163987A6">
<sourceDDLFile>DjangoUser.sql</sourceDDLFile>
<createdBy>Belz-Sama</createdBy>
<createdTime>2024-11-21 22:00:16 UTC</createdTime>
<ownerDesignName>Django_BD</ownerDesignName>
<importedID>A8768C1D-D8D7-A469-EBAB-2B1D821B44B9</importedID>
<nullsAllowed>true</nullsAllowed>
<use>0</use>
<logicalDatatype>LogDes-7DD553FD-11E8-61FA-399D-2E531FB621D0@LOGDT10035</logicalDatatype>
<domain>F25ECF35-F96A-240B-E0FB-DA17850A38ED</domain>
<ownDataTypeParameters>,,</ownDataTypeParameters>
<autoIncrementCycle>false</autoIncrementCycle>
</Column>
<Column name="CONTENIDOMATERIAL" id="052C4119-B346-FEAB-4186-A38281B3EBE1">
<sourceDDLFile>DjangoUser.sql</sourceDDLFile>
<createdBy>Belz-Sama</createdBy>
<createdTime>2024-11-21 22:00:16 UTC</createdTime>
<ownerDesignName>Django_BD</ownerDesignName>
<importedID>7352491C-BB29-388D-73B3-378133FCFE59</importedID>
<nullsAllowed>true</nullsAllowed>
<use>0</use>
<logicalDatatype>LogDes-7DD553FD-11E8-61FA-399D-2E531FB621D0@LOGDT10035</logicalDatatype>
<domain>F25ECF35-F96A-240B-E0FB-DA17850A38ED</domain>
<ownDataTypeParameters>,,</ownDataTypeParameters>
<autoIncrementCycle>false</autoIncrementCycle>
</Column>
<Column name="FECHA_CREACION" id="AF57ACD6-BE0F-6ED2-96C3-1842D1E1A3A3">
<sourceDDLFile>DjangoUser.sql</sourceDDLFile>
<createdBy>Belz-Sama</createdBy>
<createdTime>2024-11-21 22:00:16 UTC</createdTime>
<ownerDesignName>Django_BD</ownerDesignName>
<importedID>8267E68E-0A37-A2F6-3C50-191B1AE3FEC4</importedID>
<use>0</use>
<logicalDatatype>LOGDT007</logicalDatatype>
<domain>4877E162-12E7-A39A-C8B8-8B5B45B1153A</domain>
<ownDataTypeParameters>,,</ownDataTypeParameters>
<autoIncrementCycle>false</autoIncrementCycle>
</Column>
<Column name="IMAGEN_REFERENCIA" id="5D78105E-C8EF-0E1E-3FD0-D2B0ACA01DB3">
<sourceDDLFile>DjangoUser.sql</sourceDDLFile>
<createdBy>Belz-Sama</createdBy>
<createdTime>2024-11-21 22:00:16 UTC</createdTime>
<ownerDesignName>Django_BD</ownerDesignName>
<importedID>E3C90748-6E1A-D6A7-A788-8B135872C7D9</importedID>
<nullsAllowed>true</nullsAllowed>
<use>0</use>
<logicalDatatype>LOGDT037</logicalDatatype>
<domain>3F48DA29-EEAB-6040-B4C4-478A986BAC79</domain>
<ownDataTypeParameters>,,</ownDataTypeParameters>
<autoIncrementCycle>false</autoIncrementCycle>
</Column>
<Column name="CANTIDAD_LIKES" id="734EC422-43B7-ECDC-926A-8487AAD113C4">
<sourceDDLFile>DjangoUser.sql</sourceDDLFile>
<createdBy>Belz-Sama</createdBy>
<createdTime>2024-11-21 22:00:16 UTC</createdTime>
<ownerDesignName>Django_BD</ownerDesignName>
<importedID>A610122F-F61A-A4F8-DC02-7319B8D6C55C</importedID>
<use>0</use>
<logicalDatatype>LOGDT019</logicalDatatype>
<domain>3B2A3BA2-B154-65BA-FCA1-52AE8EA9F4F5</domain>
<ownDataTypeParameters>,,</ownDataTypeParameters>
<autoIncrementCycle>false</autoIncrementCycle>
</Column>
<Column name="CANTIDAD_DISLIKES" id="51DC39E8-CC47-B189-C505-9906616DA1D2">
<sourceDDLFile>DjangoUser.sql</sourceDDLFile>
<createdBy>Belz-Sama</createdBy>
<createdTime>2024-11-21 22:00:16 UTC</createdTime>
<ownerDesignName>Django_BD</ownerDesignName>
<importedID>1E9C2BE0-9B8C-F4D3-EDAB-129EEB0F4986</importedID>
<use>0</use>
<logicalDatatype>LOGDT019</logicalDatatype>
<domain>3B2A3BA2-B154-65BA-FCA1-52AE8EA9F4F5</domain>
<ownDataTypeParameters>,,</ownDataTypeParameters>
<autoIncrementCycle>false</autoIncrementCycle>
</Column>
<Column name="INSTRUMENTO_ID" id="4C46941A-742A-F5D2-AA53-679EF7C8CFC3">
<sourceDDLFile>DjangoUser.sql</sourceDDLFile>
<createdBy>Belz-Sama</createdBy>
<createdTime>2024-11-21 22:00:16 UTC</createdTime>
<ownerDesignName>Django_BD</ownerDesignName>
<importedID>453550A3-1663-E5F5-5B89-C4377AF131F8</importedID>
<use>0</use>
<logicalDatatype>LOGDT019</logicalDatatype>
<domain>3B2A3BA2-B154-65BA-FCA1-52AE8EA9F4F5</domain>
<ownDataTypeParameters>,,</ownDataTypeParameters>
<autoIncrementCycle>false</autoIncrementCycle>
<associations>
<colAssociation fkAssociation="ABF28328-E353-CDD7-63E4-1338DC98D5DE" referredColumn="740B2F5D-12E9-E4B8-EBF4-C4E84C1394B8"/>
</associations>
</Column>
<Column name="USUARIO_CREADOR_ID" id="014E7A15-0757-1993-5F08-90347CFB1AAB">
<sourceDDLFile>DjangoUser.sql</sourceDDLFile>
<createdBy>Belz-Sama</createdBy>
<createdTime>2024-11-21 22:00:16 UTC</createdTime>
<ownerDesignName>Django_BD</ownerDesignName>
<importedID>ADC3E7F3-F13D-1282-C50B-95E37FAED551</importedID>
<use>0</use>
<logicalDatatype>LOGDT019</logicalDatatype>
<domain>EFBA447A-FB0A-FDF0-7120-EB6C6D08FD7E</domain>
<ownDataTypeParameters>,,</ownDataTypeParameters>
<autoIncrementCycle>false</autoIncrementCycle>
<associations>
<colAssociation fkAssociation="E1EC5E55-8ED7-B72C-00C3-CC4CC4798DE6" referredColumn="47ED855C-E12A-C1C1-AB0C-41B590BCF12A"/>
</associations>
</Column>
</columns>
<indexes itemClass="oracle.dbtools.crest.model.design.relational.Index">
<ind_PK_UK id="14A3BA72-C0F6-07CB-ACDF-DCA17F7AB4F3" name="LIBRARY_MATERIALBIBLIOTEC_PK">
<sourceDDLFile>DjangoUser.sql</sourceDDLFile>
<createdBy>Belz-Sama</createdBy>
<createdTime>2024-11-21 22:00:16 UTC</createdTime>
<ownerDesignName>Django_BD</ownerDesignName>
<importedID>AB8D4FB7-1A3D-3934-98BE-0D9990869740</importedID>
<pk>true</pk>
<indexState>Primary Constraint</indexState>
<isSurrogateKey>false</isSurrogateKey>
<indexColumnUsage>
<colUsage columnID="2B3B3F13-C8E3-8A74-7C87-5B4F1FD9BCF4"/>
</indexColumnUsage>
</ind_PK_UK>
<ind_PK_UK id="77DAC260-A8DE-F76A-1553-61FF682A8720" schemaObject="AEA732FB-BECB-52BE-F035-E095A90AA8D1" name="LIBRARY_MA_INSTRUMENT_9036D860">
<sourceDDLFile>DjangoUser.sql</sourceDDLFile>
<createdBy>Belz-Sama</createdBy>
<createdTime>2024-11-21 22:00:16 UTC</createdTime>
<ownerDesignName>Django_BD</ownerDesignName>
<importedID>8FB6AEDF-6C72-04B8-BA36-863A3BF95A38</importedID>
<isSurrogateKey>false</isSurrogateKey>
<indexColumnUsage>
<colUsage columnID="4C46941A-742A-F5D2-AA53-679EF7C8CFC3"/>
</indexColumnUsage>
</ind_PK_UK>
<ind_PK_UK id="C60B3C0D-535D-0BE7-272B-076F110B0B41" schemaObject="AEA732FB-BECB-52BE-F035-E095A90AA8D1" name="LIBRARY_MA_USUARIO_CR_A98F5AF8">
<sourceDDLFile>DjangoUser.sql</sourceDDLFile>
<createdBy>Belz-Sama</createdBy>
<createdTime>2024-11-21 22:00:16 UTC</createdTime>
<ownerDesignName>Django_BD</ownerDesignName>
<importedID>6EE02D4F-1359-65E1-6B15-6E667EADDF96</importedID>
<isSurrogateKey>false</isSurrogateKey>
<indexColumnUsage>
<colUsage columnID="014E7A15-0757-1993-5F08-90347CFB1AAB"/>
</indexColumnUsage>
</ind_PK_UK>
<ind_PK_UK id="DF987224-A427-C25B-1EC1-1F52D3E77241" name="LIBRARY_M_INSTRUMEN_9036D860_F">
<createdBy>Belz-Sama</createdBy>
<createdTime>2024-11-21 22:00:16 UTC</createdTime>
<ownerDesignName>Django_BD</ownerDesignName>
<indexState>Foreign Key</indexState>
<isSurrogateKey>false</isSurrogateKey>
<indexColumnUsage>
<colUsage columnID="4C46941A-742A-F5D2-AA53-679EF7C8CFC3"/>
</indexColumnUsage>
</ind_PK_UK>
<ind_PK_UK id="BDCD07C3-16EF-7E11-5F91-481BDFF31943" name="LIBRARY_M_USUARIO_C_A98F5AF8_F">
<createdBy>Belz-Sama</createdBy>
<createdTime>2024-11-21 22:00:16 UTC</createdTime>
<ownerDesignName>Django_BD</ownerDesignName>
<indexState>Foreign Key</indexState>
<isSurrogateKey>false</isSurrogateKey>
<indexColumnUsage>
<colUsage columnID="014E7A15-0757-1993-5F08-90347CFB1AAB"/>
</indexColumnUsage>
</ind_PK_UK>
</indexes>
</Table>