<?xml version = '1.0' encoding = 'UTF-8'?>
<Table class="oracle.dbtools.crest.model.design.relational.Table" directorySegmentName="seg_0" id="616D7FE6-CC59-7A6E-B1DE-181CEB869561" schemaObject="AEA732FB-BECB-52BE-F035-E095A90AA8D1" name="STORE_USUARIO">
<sourceDDLFile>DjangoUser.sql</sourceDDLFile>
<createdBy>Belz-Sama</createdBy>
<createdTime>2024-11-21 22:00:15 UTC</createdTime>
<ownerDesignName>Django_BD</ownerDesignName>
<importedID>A8554327-38D8-1787-1D1A-31888DE62DA7</importedID>
<allowColumnReorder>false</allowColumnReorder>
<existDependencyGenerateInDDl>true</existDependencyGenerateInDDl>
<parsed>true</parsed>
<columns itemClass="oracle.dbtools.crest.model.design.relational.Column">
<Column name="ID" id="47ED855C-E12A-C1C1-AB0C-41B590BCF12A">
<sourceDDLFile>DjangoUser.sql</sourceDDLFile>
<createdBy>Belz-Sama</createdBy>
<createdTime>2024-11-21 22:00:16 UTC</createdTime>
<ownerDesignName>Django_BD</ownerDesignName>
<importedID>C844A9A7-37DB-802A-2AA8-9179174E7F39</importedID>
<use>0</use>
<logicalDatatype>LOGDT019</logicalDatatype>
<domain>EFBA447A-FB0A-FDF0-7120-EB6C6D08FD7E</domain>
<ownDataTypeParameters>,,</ownDataTypeParameters>
<autoIncrementColumn>true</autoIncrementColumn>
<identityColumn>true</identityColumn>
<defaultOntNull>true</defaultOntNull>
<autoIncrementCycle>false</autoIncrementCycle>
<autoIncrementOrder>false</autoIncrementOrder>
</Column>
<Column name="PASSWORD" id="2256ECDA-5463-E261-81E3-CF1E21893DB1">
<sourceDDLFile>DjangoUser.sql</sourceDDLFile>
<createdBy>Belz-Sama</createdBy>
<createdTime>2024-11-21 22:00:16 UTC</createdTime>
<ownerDesignName>Django_BD</ownerDesignName>
<importedID>04356A6D-D12E-6D7A-FD3B-838DBAB9FECA</importedID>
<nullsAllowed>true</nullsAllowed>
<use>0</use>
<logicalDatatype>LOGDT037</logicalDatatype>
<domain>1BD015A3-B862-4324-11F7-622B85024491</domain>
<ownDataTypeParameters>,,</ownDataTypeParameters>
<autoIncrementCycle>false</autoIncrementCycle>
</Column>
<Column name="LAST_LOGIN" id="91D222F6-D9D0-82AD-D388-3A5F9D517F66">
<sourceDDLFile>DjangoUser.sql</sourceDDLFile>
<createdBy>Belz-Sama</createdBy>
<createdTime>2024-11-21 22:00:16 UTC</createdTime>
<ownerDesignName>Django_BD</ownerDesignName>
<importedID>F9ECAB29-4B1D-A755-2604-EF426D4A9AE2</importedID>
<nullsAllowed>true</nullsAllowed>
<use>0</use>
<logicalDatatype>LOGDT015</logicalDatatype>
<domain>96D11BCB-A7A8-88A7-AD14-AA5A3F368F02</domain>
<ownDataTypeParameters>,,</ownDataTypeParameters>
<autoIncrementCycle>false</autoIncrementCycle>
</Column>
<Column name="IS_SUPERUSER" id="7C942026-6F6E-F840-8096-1E9B64F3DDDD">
<sourceDDLFile>DjangoUser.sql</sourceDDLFile>
<createdBy>Belz-Sama</createdBy>
<createdTime>2024-11-21 22:00:16 UTC</createdTime>
<ownerDesignName>Django_BD</ownerDesignName>
<importedID>CB9C28EF-5299-7BF4-380C-F126368EB8AE</importedID>
<useDomainConstraints>false</useDomainConstraints>
<use>0</use>
<logicalDatatype>LOGDT019</logicalDatatype>
<domain>073C8BBA-3629-FAE0-DEB3-7185E2C6B164</domain>
<checkConstraint>
<implementationDef dbType="Oracle Database 21c" definition="&quot;IS_SUPERUSER&quot; IN (0,1)"/>
</checkConstraint>
<ownDataTypeParameters>,,</ownDataTypeParameters>
<autoIncrementCycle>false</autoIncrementCycle>
</Column>
<Column name="USERNAME" id="30899CE7-278A-F150-22D6-BB508D889EE8">
<sourceDDLFile>DjangoUser.sql</sourceDDLFile>
<createdBy>Belz-Sama</createdBy>
<createdTime>2024-11-21 22:00:16 UTC</createdTime>
<ownerDesignName>Django_BD</ownerDesignName>
<importedID>57FB6F86-8823-D5A2-BFF6-6BDE142CB1BF</importedID>
<nullsAllowed>true</nullsAllowed>
<use>0</use>
<logicalDatatype>LOGDT037</logicalDatatype>
<domain>964B3B1D-8540-3D89-AD5C-C80610F5FE24</domain>
<ownDataTypeParameters>,,</ownDataTypeParameters>
<autoIncrementCycle>false</autoIncrementCycle>
</Column>
<Column name="FIRST_NAME" id="30ECDFF3-A0ED-9753-2338-E8E986C18F58">
<sourceDDLFile>DjangoUser.sql</sourceDDLFile>
<createdBy>Belz-Sama</createdBy>
<createdTime>2024-11-21 22:00:16 UTC</createdTime>
<ownerDesignName>Django_BD</ownerDesignName>
<importedID>6184F470-65FC-634F-4419-2D2F921E929A</importedID>
<nullsAllowed>true</nullsAllowed>
<use>0</use>
<logicalDatatype>LOGDT037</logicalDatatype>
<domain>964B3B1D-8540-3D89-AD5C-C80610F5FE24</domain>
<ownDataTypeParameters>,,</ownDataTypeParameters>
<autoIncrementCycle>false</autoIncrementCycle>
</Column>
<Column name="LAST_NAME" id="F7E592EA-63B6-26C5-D4D4-7CC1DB550B54">
<sourceDDLFile>DjangoUser.sql</sourceDDLFile>
<createdBy>Belz-Sama</createdBy>
<createdTime>2024-11-21 22:00:16 UTC</createdTime>
<ownerDesignName>Django_BD</ownerDesignName>
<importedID>7D29CAE1-47E7-33E3-78F1-A376B9728CE5</importedID>
<nullsAllowed>true</nullsAllowed>
<use>0</use>
<logicalDatatype>LOGDT037</logicalDatatype>
<domain>964B3B1D-8540-3D89-AD5C-C80610F5FE24</domain>
<ownDataTypeParameters>,,</ownDataTypeParameters>
<autoIncrementCycle>false</autoIncrementCycle>
</Column>
<Column name="EMAIL" id="3E1C4B2A-A5E4-20AD-C2AB-FE3AFE746747">
<sourceDDLFile>DjangoUser.sql</sourceDDLFile>
<createdBy>Belz-Sama</createdBy>
<createdTime>2024-11-21 22:00:16 UTC</createdTime>
<ownerDesignName>Django_BD</ownerDesignName>
<importedID>CB6F47FD-8BD1-1D0C-A77A-D8A9B4889710</importedID>
<nullsAllowed>true</nullsAllowed>
<use>0</use>
<logicalDatatype>LOGDT037</logicalDatatype>
<domain>94B5EEB6-CEDD-7954-DA54-07DB9476816D</domain>
<ownDataTypeParameters>,,</ownDataTypeParameters>
<autoIncrementCycle>false</autoIncrementCycle>
</Column>
<Column name="IS_STAFF" id="1E7C568C-6B4B-D92B-8C62-2AE127BE922D">
<sourceDDLFile>DjangoUser.sql</sourceDDLFile>
<createdBy>Belz-Sama</createdBy>
<createdTime>2024-11-21 22:00:16 UTC</createdTime>
<ownerDesignName>Django_BD</ownerDesignName>
<importedID>F0467C41-D8E9-4DF0-BD48-0E23A33154F1</importedID>
<useDomainConstraints>false</useDomainConstraints>
<use>0</use>
<logicalDatatype>LOGDT019</logicalDatatype>
<domain>073C8BBA-3629-FAE0-DEB3-7185E2C6B164</domain>
<checkConstraint>
<implementationDef dbType="Oracle Database 21c" definition="&quot;IS_STAFF&quot; IN (0,1)"/>
</checkConstraint>
<ownDataTypeParameters>,,</ownDataTypeParameters>
<autoIncrementCycle>false</autoIncrementCycle>
</Column>
<Column name="IS_ACTIVE" id="69A3F92D-01C5-B1CB-1D64-1E97D7438ACD">
<sourceDDLFile>DjangoUser.sql</sourceDDLFile>
<createdBy>Belz-Sama</createdBy>
<createdTime>2024-11-21 22:00:16 UTC</createdTime>
<ownerDesignName>Django_BD</ownerDesignName>
<importedID>5897064A-ECC7-8ABB-A436-F615B21165B7</importedID>
<useDomainConstraints>false</useDomainConstraints>
<use>0</use>
<logicalDatatype>LOGDT019</logicalDatatype>
<domain>073C8BBA-3629-FAE0-DEB3-7185E2C6B164</domain>
<checkConstraint>
<implementationDef dbType="Oracle Database 21c" definition="&quot;IS_ACTIVE&quot; IN (0,1)"/>
</checkConstraint>
<ownDataTypeParameters>,,</ownDataTypeParameters>
<autoIncrementCycle>false</autoIncrementCycle>
</Column>
<Column name="DATE_JOINED" id="7029F02D-1A33-EFF6-5755-686F1810B68A">
<sourceDDLFile>DjangoUser.sql</sourceDDLFile>
<createdBy>Belz-Sama</createdBy>
<createdTime>2024-11-21 22:00:16 UTC</createdTime>
<ownerDesignName>Django_BD</ownerDesignName>
<importedID>862A2A8D-9949-1F9A-133E-9FA995284566</importedID>
<use>0</use>
<logicalDatatype>LOGDT015</logicalDatatype>
<domain>96D11BCB-A7A8-88A7-AD14-AA5A3F368F02</domain>
<ownDataTypeParameters>,,</ownDataTypeParameters>
<autoIncrementCycle>false</autoIncrementCycle>
</Column>
<Column name="RUT" id="2DAE5A09-7BDE-A4A8-2418-03E98A28B734">
<sourceDDLFile>DjangoUser.sql</sourceDDLFile>
<createdBy>Belz-Sama</createdBy>
<createdTime>2024-11-21 22:00:16 UTC</createdTime>
<ownerDesignName>Django_BD</ownerDesignName>
<importedID>5819C604-125F-586B-F585-8366D091ACE6</importedID>
<nullsAllowed>true</nullsAllowed>
<use>0</use>
<logicalDatatype>LOGDT037</logicalDatatype>
<domain>3B2BACE5-ABFE-D965-6229-8F07621A32B1</domain>
<ownDataTypeParameters>,,</ownDataTypeParameters>
<autoIncrementCycle>false</autoIncrementCycle>
</Column>
<Column name="NACIMIENTO" id="C6BD9544-7CD0-8D61-D266-2468D571A9D6">
<sourceDDLFile>DjangoUser.sql</sourceDDLFile>
<createdBy>Belz-Sama</createdBy>
<createdTime>2024-11-21 22:00:16 UTC</createdTime>
<ownerDesignName>Django_BD</ownerDesignName>
<importedID>3EF9309F-50E2-725F-40B6-A924E5490C90</importedID>
<nullsAllowed>true</nullsAllowed>
<use>0</use>
<logicalDatatype>LOGDT007</logicalDatatype>
<domain>4877E162-12E7-A39A-C8B8-8B5B45B1153A</domain>
<ownDataTypeParameters>,,</ownDataTypeParameters>
<autoIncrementCycle>false</autoIncrementCycle>
</Column>
<Column name="GENERO" id="C12B922A-1D1B-A546-B40B-38E6FB7109C8">
<sourceDDLFile>DjangoUser.sql</sourceDDLFile>
<createdBy>Belz-Sama</createdBy>
<createdTime>2024-11-21 22:00:16 UTC</createdTime>
<ownerDesignName>Django_BD</ownerDesignName>
<importedID>12542E0D-7C99-74DD-D1B9-A59F925E112A</importedID>
<use>0</use>
<logicalDatatype>LOGDT019</logicalDatatype>
<domain>3B2A3BA2-B154-65BA-FCA1-52AE8EA9F4F5</domain>
<ownDataTypeParameters>,,</ownDataTypeParameters>
<autoIncrementCycle>false</autoIncrementCycle>
</Column>
<Column name="TELEFONO" id="D8B7889B-9C65-D51F-36A9-D05AACF7F7A2">
<sourceDDLFile>DjangoUser.sql</sourceDDLFile>
<createdBy>Belz-Sama</createdBy>
<createdTime>2024-11-21 22:00:16 UTC</createdTime>
<ownerDesignName>Django_BD</ownerDesignName>
<importedID>18EFA613-32B4-E26B-D8E6-A43845F0572A</importedID>
<nullsAllowed>true</nullsAllowed>
<use>0</use>
<logicalDatatype>LOGDT037</logicalDatatype>
<domain>997F5A18-3CE0-A89C-641C-CFF6D27489C8</domain>
<ownDataTypeParameters>,,</ownDataTypeParameters>
<autoIncrementCycle>false</autoIncrementCycle>
</Column>
<Column name="DIRECCION" id="762D84DA-74A5-2445-A442-4FCA9CAB9D31">
<sourceDDLFile>DjangoUser.sql</sourceDDLFile>
<createdBy>Belz-Sama</createdBy>
<createdTime>2024-11-21 22:00:16 UTC</createdTime>
<ownerDesignName>Django_BD</ownerDesignName>
<importedID>0615B390-66BC-3798-C82C-191359547CBC</importedID>
<nullsAllowed>true</nullsAllowed>
<use>0</use>
<logicalDatatype>LOGDT037</logicalDatatype>
<domain>CF35DD32-BCB7-72D0-4BF1-8F25ECC3EFB4</domain>
<ownDataTypeParameters>,,</ownDataTypeParameters>
<autoIncrementCycle>false</autoIncrementCycle>
</Column>
<Column name="REGION" id="23A392D7-98FA-2753-D3C7-C9EE03E10DA2">
<sourceDDLFile>DjangoUser.sql</sourceDDLFile>
<createdBy>Belz-Sama</createdBy>
<createdTime>2024-11-21 22:00:16 UTC</createdTime>
<ownerDesignName>Django_BD</ownerDesignName>
<importedID>E20F1E64-4C0B-A9B6-086A-7DE4F4CDE09C</importedID>
<nullsAllowed>true</nullsAllowed>
<use>0</use>
<logicalDatatype>LOGDT019</logicalDatatype>
<domain>3B2A3BA2-B154-65BA-FCA1-52AE8EA9F4F5</domain>
<ownDataTypeParameters>,,</ownDataTypeParameters>
<autoIncrementCycle>false</autoIncrementCycle>
</Column>
<Column name="COMUNA" id="21D5B1D5-E03E-B61C-DF43-9ED29056C4C3">
<sourceDDLFile>DjangoUser.sql</sourceDDLFile>
<createdBy>Belz-Sama</createdBy>
<createdTime>2024-11-21 22:00:16 UTC</createdTime>
<ownerDesignName>Django_BD</ownerDesignName>
<importedID>64C21013-D775-FBA4-DC57-A24DEFC1096C</importedID>
<nullsAllowed>true</nullsAllowed>
<use>0</use>
<logicalDatatype>LOGDT019</logicalDatatype>
<domain>3B2A3BA2-B154-65BA-FCA1-52AE8EA9F4F5</domain>
<ownDataTypeParameters>,,</ownDataTypeParameters>
<autoIncrementCycle>false</autoIncrementCycle>
</Column>
<Column name="FOTO_DE_USUARIO" id="9D591303-8FC9-E967-4333-AD1D8B60E596">
<sourceDDLFile>DjangoUser.sql</sourceDDLFile>
<createdBy>Belz-Sama</createdBy>
<createdTime>2024-11-21 22:00:16 UTC</createdTime>
<ownerDesignName>Django_BD</ownerDesignName>
<importedID>992EE049-4EE6-5D60-17C3-564A45C38DC9</importedID>
<nullsAllowed>true</nullsAllowed>
<use>0</use>
<logicalDatatype>LOGDT037</logicalDatatype>
<domain>3F48DA29-EEAB-6040-B4C4-478A986BAC79</domain>
<ownDataTypeParameters>,,</ownDataTypeParameters>
<autoIncrementCycle>false</autoIncrementCycle>
</Column>
<Column name="ES_PROFESOR" id="7F793DBA-7994-8E70-A9CE-BC12296810A1">
<sourceDDLFile>DjangoUser.sql</sourceDDLFile>
<createdBy>Belz-Sama</createdBy>
<createdTime>2024-11-21 22:00:16 UTC</createdTime>
<ownerDesignName>Django_BD</ownerDesignName>
<importedID>E24080F2-2F51-8F25-BCC1-C84D8DD6A2A1</importedID>
<useDomainConstraints>false</useDomainConstraints>
<use>0</use>
<logicalDatatype>LOGDT019</logicalDatatype>
<domain>073C8BBA-3629-FAE0-DEB3-7185E2C6B164</domain>
<checkConstraint>
<implementationDef dbType="Oracle Database 21c" definition="&quot;ES_PROFESOR&quot; IN (0,1)"/>
</checkConstraint>
<ownDataTypeParameters>,,</ownDataTypeParameters>
<autoIncrementCycle>false</autoIncrementCycle>
</Column>
<Column name="ES_ADMIN_BIBLIOTECA" id="30FBDC29-C871-F207-B988-2020451829D3">
<sourceDDLFile>DjangoUser.sql</sourceDDLFile>
<createdBy>Belz-Sama</createdBy>
<createdTime>2024-11-21 22:00:16 UTC</createdTime>
<ownerDesignName>Django_BD</ownerDesignName>
<importedID>F8B9F24B-D1FF-B9F9-64C3-35C56CC5FA5B</importedID>
<useDomainConstraints>false</useDomainConstraints>
<use>0</use>
<logicalDatatype>LOGDT019</logicalDatatype>
<domain>073C8BBA-3629-FAE0-DEB3-7185E2C6B164</domain>
<checkConstraint>
<implementationDef dbType="Oracle Database 21c" definition="&quot;ES_ADMIN_BIBLIOTECA&quot; IN (0,1)"/>
</checkConstraint>
<ownDataTypeParameters>,,</ownDataTypeParameters>
<autoIncrementCycle>false</autoIncrementCycle>
</Column>
</columns>
<indexes itemClass="oracle.dbtools.crest.model.design.relational.Index">
<ind_PK_UK id="C28A240E-1E59-73C6-F77E-4205C2E6FD5B" name="STORE_USUARIO_PK">
<sourceDDLFile>DjangoUser.sql</sourceDDLFile>
<createdBy>Belz-Sama</createdBy>
<createdTime>2024-11-21 22:00:16 UTC</createdTime>
<ownerDesignName>Django_BD</ownerDesignName>
<importedID>482DDDAE-A9F3-897D-C9B8-DCA31718B134</importedID>
<pk>true</pk>
<indexState>Primary Constraint</indexState>
<isSurrogateKey>false</isSurrogateKey>
<indexColumnUsage>
<colUsage columnID="47ED855C-E12A-C1C1-AB0C-41B590BCF12A"/>
</indexColumnUsage>
</ind_PK_UK>
<ind_PK_UK id="00F8B422-37CD-7608-58A0-8D23D515701B" name="STORE_USUARIO_UK0">
<sourceDDLFile>DjangoUser.sql</sourceDDLFile>
<createdBy>Belz-Sama</createdBy>
<createdTime>2024-11-21 22:00:16 UTC</createdTime>
<ownerDesignName>Django_BD</ownerDesignName>
<importedID>423B32DB-749D-28AD-0F42-F636892270BE</importedID>
<indexState>Unique Constraint</indexState>
<isSurrogateKey>false</isSurrogateKey>
<indexColumnUsage>
<colUsage columnID="30899CE7-278A-F150-22D6-BB508D889EE8"/>
</indexColumnUsage>
</ind_PK_UK>
<ind_PK_UK id="DD766279-849F-554C-2380-273E26369B4C" name="STORE_USUARIO_UK1">
<sourceDDLFile>DjangoUser.sql</sourceDDLFile>
<createdBy>Belz-Sama</createdBy>
<createdTime>2024-11-21 22:00:16 UTC</createdTime>
<ownerDesignName>Django_BD</ownerDesignName>
<importedID>914F99BD-50A2-FA74-048D-595FD209BAD4</importedID>
<indexState>Unique Constraint</indexState>
<isSurrogateKey>false</isSurrogateKey>
<indexColumnUsage>
<colUsage columnID="2DAE5A09-7BDE-A4A8-2418-03E98A28B734"/>
</indexColumnUsage>
</ind_PK_UK>
</indexes>
</Table>