<?xml version = '1.0' encoding = 'UTF-8'?>
<Table class="oracle.dbtools.crest.model.design.relational.Table" directorySegmentName="seg_0" id="6B3D077D-C256-C6A5-47BD-4B4B6EE9A98E" schemaObject="AEA732FB-BECB-52BE-F035-E095A90AA8D1" name="AUTH_GROUP">
<sourceDDLFile>DjangoUser.sql</sourceDDLFile>
<createdBy>Belz-Sama</createdBy>
<createdTime>2024-11-21 22:00:15 UTC</createdTime>
<ownerDesignName>Django_BD</ownerDesignName>
<importedID>55E1D8C9-A039-B7FB-F777-56814C7A288F</importedID>
<allowColumnReorder>false</allowColumnReorder>
<existDependencyGenerateInDDl>true</existDependencyGenerateInDDl>
<parsed>true</parsed>
<columns itemClass="oracle.dbtools.crest.model.design.relational.Column">
<Column name="ID" id="E3BBF332-8F58-2658-3B7D-91717EB88241">
<sourceDDLFile>DjangoUser.sql</sourceDDLFile>
<createdBy>Belz-Sama</createdBy>
<createdTime>2024-11-21 22:00:15 UTC</createdTime>
<ownerDesignName>Django_BD</ownerDesignName>
<importedID>0271BB76-1792-27C1-BD2B-E6E04A28C3E6</importedID>
<use>0</use>
<logicalDatatype>LOGDT019</logicalDatatype>
<domain>3B2A3BA2-B154-65BA-FCA1-52AE8EA9F4F5</domain>
<ownDataTypeParameters>,,</ownDataTypeParameters>
<autoIncrementColumn>true</autoIncrementColumn>
<identityColumn>true</identityColumn>
<defaultOntNull>true</defaultOntNull>
<autoIncrementCycle>false</autoIncrementCycle>
<autoIncrementOrder>false</autoIncrementOrder>
</Column>
<Column name="NAME" id="28302F10-BCFF-F5EF-B398-CCA4E3A8A7A2">
<sourceDDLFile>DjangoUser.sql</sourceDDLFile>
<createdBy>Belz-Sama</createdBy>
<createdTime>2024-11-21 22:00:15 UTC</createdTime>
<ownerDesignName>Django_BD</ownerDesignName>
<importedID>9E7D2611-ADF3-80EE-D711-80390D28CF8B</importedID>
<nullsAllowed>true</nullsAllowed>
<use>0</use>
<logicalDatatype>LOGDT037</logicalDatatype>
<domain>964B3B1D-8540-3D89-AD5C-C80610F5FE24</domain>
<ownDataTypeParameters>,,</ownDataTypeParameters>
<autoIncrementCycle>false</autoIncrementCycle>
</Column>
</columns>
<indexes itemClass="oracle.dbtools.crest.model.design.relational.Index">
<ind_PK_UK id="8929FF46-2E04-E013-7CAA-575CDD2653E2" name="AUTH_GROUP_PK">
<sourceDDLFile>DjangoUser.sql</sourceDDLFile>
<createdBy>Belz-Sama</createdBy>
<createdTime>2024-11-21 22:00:15 UTC</createdTime>
<ownerDesignName>Django_BD</ownerDesignName>
<importedID>3520788D-6D0E-EAB9-33E3-0EE9A93B8D0F</importedID>
<pk>true</pk>
<indexState>Primary Constraint</indexState>
<isSurrogateKey>false</isSurrogateKey>
<indexColumnUsage>
<colUsage columnID="E3BBF332-8F58-2658-3B7D-91717EB88241"/>
</indexColumnUsage>
</ind_PK_UK>
<ind_PK_UK id="E662D2F9-B889-9491-C67E-56BC701A4A21" name="AUTH_GROUP_UK0">
<sourceDDLFile>DjangoUser.sql</sourceDDLFile>
<createdBy>Belz-Sama</createdBy>
<createdTime>2024-11-21 22:00:15 UTC</createdTime>
<ownerDesignName>Django_BD</ownerDesignName>
<importedID>4BBB1DC9-2BC7-4D35-BDCF-B0DF7E443F9B</importedID>
<indexState>Unique Constraint</indexState>
<isSurrogateKey>false</isSurrogateKey>
<indexColumnUsage>
<colUsage columnID="28302F10-BCFF-F5EF-B398-CCA4E3A8A7A2"/>
</indexColumnUsage>
</ind_PK_UK>
</indexes>
</Table>