<?xml version = '1.0' encoding = 'UTF-8'?>
<Table class="oracle.dbtools.crest.model.design.relational.Table" directorySegmentName="seg_0" id="9093629F-17E7-817A-BB4B-4B8FE56AE80F" schemaObject="AEA732FB-BECB-52BE-F035-E095A90AA8D1" name="DJANGO_SESSION">
<sourceDDLFile>DjangoUser.sql</sourceDDLFile>
<createdBy>Belz-Sama</createdBy>
<createdTime>2024-11-21 22:00:15 UTC</createdTime>
<ownerDesignName>Django_BD</ownerDesignName>
<importedID>C3645FFE-1F01-E500-7748-FAED998F68D9</importedID>
<allowColumnReorder>false</allowColumnReorder>
<existDependencyGenerateInDDl>true</existDependencyGenerateInDDl>
<parsed>true</parsed>
<columns itemClass="oracle.dbtools.crest.model.design.relational.Column">
<Column name="SESSION_KEY" id="9B1B84A3-ADA5-9CF8-F92D-4C3D3DF2A002">
<sourceDDLFile>DjangoUser.sql</sourceDDLFile>
<createdBy>Belz-Sama</createdBy>
<createdTime>2024-11-21 22:00:15 UTC</createdTime>
<ownerDesignName>Django_BD</ownerDesignName>
<importedID>79B28A3B-B785-2AAB-D025-273448416860</importedID>
<use>0</use>
<logicalDatatype>LOGDT037</logicalDatatype>
<domain>7F112491-3A3E-6476-542F-35DF4CD6E2C9</domain>
<ownDataTypeParameters>,,</ownDataTypeParameters>
<autoIncrementCycle>false</autoIncrementCycle>
</Column>
<Column name="SESSION_DATA" id="CF1AC53B-6BA3-85A3-33BA-67DC6E2A816A">
<sourceDDLFile>DjangoUser.sql</sourceDDLFile>
<createdBy>Belz-Sama</createdBy>
<createdTime>2024-11-21 22:00:15 UTC</createdTime>
<ownerDesignName>Django_BD</ownerDesignName>
<importedID>DC1D5802-E91C-3CA6-1346-4C4FFD8C7C3C</importedID>
<nullsAllowed>true</nullsAllowed>
<use>0</use>
<logicalDatatype>LogDes-7DD553FD-11E8-61FA-399D-2E531FB621D0@LOGDT10035</logicalDatatype>
<domain>F25ECF35-F96A-240B-E0FB-DA17850A38ED</domain>
<ownDataTypeParameters>,,</ownDataTypeParameters>
<autoIncrementCycle>false</autoIncrementCycle>
</Column>
<Column name="EXPIRE_DATE" id="D60CC7F7-03C4-131C-3D6D-63C0A03AAAD3">
<sourceDDLFile>DjangoUser.sql</sourceDDLFile>
<createdBy>Belz-Sama</createdBy>
<createdTime>2024-11-21 22:00:15 UTC</createdTime>
<ownerDesignName>Django_BD</ownerDesignName>
<importedID>98F57ECF-4848-D791-2899-80F453267BB0</importedID>
<use>0</use>
<logicalDatatype>LOGDT015</logicalDatatype>
<domain>96D11BCB-A7A8-88A7-AD14-AA5A3F368F02</domain>
<ownDataTypeParameters>,,</ownDataTypeParameters>
<autoIncrementCycle>false</autoIncrementCycle>
</Column>
</columns>
<indexes itemClass="oracle.dbtools.crest.model.design.relational.Index">
<ind_PK_UK id="BABFF8FD-9417-6E56-9811-6F925A949F21" name="DJANGO_SESSION_PK">
<sourceDDLFile>DjangoUser.sql</sourceDDLFile>
<createdBy>Belz-Sama</createdBy>
<createdTime>2024-11-21 22:00:15 UTC</createdTime>
<ownerDesignName>Django_BD</ownerDesignName>
<importedID>8E2F890B-B2F0-D415-CC9C-D9F24BC8BD0D</importedID>
<pk>true</pk>
<indexState>Primary Constraint</indexState>
<isSurrogateKey>false</isSurrogateKey>
<indexColumnUsage>
<colUsage columnID="9B1B84A3-ADA5-9CF8-F92D-4C3D3DF2A002"/>
</indexColumnUsage>
</ind_PK_UK>
<ind_PK_UK id="C241D400-FEBB-44B7-780D-AF4E11638250" schemaObject="AEA732FB-BECB-52BE-F035-E095A90AA8D1" name="DJANGO_SES_EXPIRE_DAT_A5C62663">
<sourceDDLFile>DjangoUser.sql</sourceDDLFile>
<createdBy>Belz-Sama</createdBy>
<createdTime>2024-11-21 22:00:16 UTC</createdTime>
<ownerDesignName>Django_BD</ownerDesignName>
<importedID>BB5B9588-AEAC-019C-9EB9-2BB1A804F0B9</importedID>
<isSurrogateKey>false</isSurrogateKey>
<indexColumnUsage>
<colUsage columnID="D60CC7F7-03C4-131C-3D6D-63C0A03AAAD3"/>
</indexColumnUsage>
</ind_PK_UK>
</indexes>
</Table>